City_ID,City,Country,Date,Lat,Lng,Max Temp,Humidity,Cloudiness,Wind Speed
0,Jamestown,US,2022-01-30 17:04:25,42.097,-79.2353,17.71,52,75,5.01
1,Ushuaia,AR,2022-01-30 17:03:52,-54.8,-68.3,47.86,66,75,25.32
2,Bluff,NZ,2022-01-30 17:04:26,-46.6,168.3333,58.8,92,85,2.48
3,Hofn,IS,2022-01-30 17:04:26,64.2539,-15.2082,30.2,48,80,20.54
4,Mataura,NZ,2022-01-30 17:04:26,-46.1927,168.8643,58.48,99,48,1.9
5,Kalmunai,LK,2022-01-30 17:04:27,7.4167,81.8167,77.43,87,26,7.27
6,Khatanga,RU,2022-01-30 17:04:27,71.9667,102.5,-9.72,98,98,9.4
7,Chuy,UY,2022-01-30 17:00:00,-33.6971,-53.4616,79.66,55,99,12.64
8,Pisco,PE,2022-01-30 17:04:27,-13.7,-76.2167,75.02,73,0,10.36
9,Nisia Floresta,BR,2022-01-30 17:04:28,-6.0911,-35.2086,88.61,57,70,14.36
10,Kavaratti,IN,2022-01-30 17:04:28,10.5669,72.642,81.66,70,47,8.05
11,Punta Arenas,CL,2022-01-30 16:59:29,-53.15,-70.9167,53.71,50,75,28.77
12,Vaini,TO,2022-01-30 17:04:29,-21.2,-175.2,80.46,77,100,11.88
13,Busselton,AU,2022-01-30 17:04:29,-33.65,115.3333,65.08,78,0,18.52
14,Finnsnes,NO,2022-01-30 17:04:29,69.2296,17.9811,22.96,91,52,3.76
15,Kavieng,PG,2022-01-30 17:04:30,-2.5744,150.7967,81.05,76,92,2.68
16,Yar-Sale,RU,2022-01-30 17:04:30,66.8333,70.8333,-2.56,97,100,8.46
17,Sao Filipe,CV,2022-01-30 17:04:30,14.8961,-24.4956,70.99,72,100,12.55
18,Albany,US,2022-01-30 17:01:35,42.6001,-73.9662,19.74,36,37,7.0
19,Isangel,VU,2022-01-30 17:04:31,-19.55,169.2667,77.61,93,100,11.16
20,Gat,IL,2022-01-30 17:04:31,31.61,34.7642,54.39,100,7,2.59
21,Otacilio Costa,BR,2022-01-30 17:04:31,-27.4831,-50.1219,68.34,74,100,4.38
22,Fairbanks,US,2022-01-30 17:02:49,64.8378,-147.7164,-28.98,62,26,2.64
23,Biltine,TD,2022-01-30 17:04:32,14.5333,20.9167,73.62,11,18,11.27
24,Castro,BR,2022-01-30 17:04:32,-24.7911,-50.0119,64.71,97,100,6.51
25,Waipawa,NZ,2022-01-30 17:04:32,-41.4122,175.5153,56.03,84,96,3.24
26,Storforshei,NO,2022-01-30 17:04:33,66.4043,14.5233,29.66,100,75,2.3
27,Rikitea,PF,2022-01-30 17:04:08,-23.1203,-134.9692,76.23,60,63,4.32
28,Trinidad,BO,2022-01-30 17:04:33,-14.8333,-64.9,85.98,70,75,5.75
29,Bethel,US,2022-01-30 17:04:34,41.3712,-73.414,23.02,51,0,1.99
30,Iroquois Falls,CA,2022-01-30 17:04:34,48.7669,-80.6831,5.74,85,100,7.63
31,Pangnirtung,CA,2022-01-30 17:04:34,66.1451,-65.7125,-22.14,87,89,6.42
32,Camana,PE,2022-01-30 17:04:35,-16.6228,-72.7111,73.96,64,51,9.06
33,Tasiilaq,GL,2022-01-30 17:04:35,65.6145,-37.6368,8.76,35,0,33.93
34,Hobart,AU,2022-01-30 17:04:35,-42.8794,147.3294,56.26,89,2,5.75
35,Zonguldak,TR,2022-01-30 17:04:36,41.25,31.8333,31.77,94,100,3.67
36,Akyab,MM,2022-01-30 17:04:36,20.15,92.9,64.69,57,0,14.72
37,Atuona,PF,2022-01-30 17:04:01,-9.8,-139.0333,76.87,79,9,12.1
38,Sur,OM,2022-01-30 17:04:37,22.5667,59.5289,72.86,67,1,3.91
39,Constitucion,CL,2022-01-30 17:04:37,-35.3333,-72.4167,70.2,57,2,16.58
40,Cape Town,ZA,2022-01-30 17:04:37,-33.9258,18.4232,88.12,56,23,7.0
41,Avarua,CK,2022-01-30 16:59:57,-21.2078,-159.775,78.85,89,75,12.66
42,Krasnotorka,UA,2022-01-30 17:04:38,48.682,37.5327,33.64,97,100,16.33
43,Puerto Ayora,EC,2022-01-30 17:04:38,-0.7393,-90.3518,82.36,71,100,9.46
44,Arraial Do Cabo,BR,2022-01-30 17:00:28,-22.9661,-42.0278,77.99,85,50,8.97
45,Cherskiy,RU,2022-01-30 17:04:38,68.75,161.3,-26.1,98,86,4.99
46,Ormara,PK,2022-01-30 17:04:39,25.2088,64.6357,73.27,78,0,17.36
47,Lebu,CL,2022-01-30 17:04:39,-37.6167,-73.65,63.43,69,65,16.55
48,Kruisfontein,ZA,2022-01-30 17:05:39,-34.0033,24.7314,75.88,75,78,16.84
49,Rocha,UY,2022-01-30 17:05:40,-34.4833,-54.3333,81.99,44,7,10.29
50,Malanje,AO,2022-01-30 17:05:40,-9.5402,16.341,67.66,93,98,5.3
51,Barrow,US,2022-01-30 17:04:15,71.2906,-156.7887,-11.18,77,0,9.22
52,Yeppoon,AU,2022-01-30 17:01:37,-23.1333,150.7333,74.98,83,18,11.88
53,Iqaluit,CA,2022-01-30 17:05:41,63.7506,-68.5145,-9.67,70,75,6.91
54,Tuktoyaktuk,CA,2022-01-30 17:05:41,69.4541,-133.0374,-4.0,95,100,17.6
55,Hithadhoo,MV,2022-01-30 17:05:41,-0.6,73.0833,82.27,68,100,8.34
56,Novomykolayivka,UA,2022-01-30 17:05:42,47.9781,35.9102,32.25,96,100,18.52
57,Butaritari,KI,2022-01-30 17:05:42,3.0707,172.7902,81.7,78,74,21.27
58,Qui Nhon,VN,2022-01-30 17:05:42,13.7667,109.2333,75.29,86,90,7.18
59,Fare,PF,2022-01-30 17:05:43,-16.7,-151.0167,80.2,72,32,7.81
60,Hilo,US,2022-01-30 17:01:47,19.7297,-155.09,66.25,85,53,5.01
61,Fort-Shevchenko,KZ,2022-01-30 17:05:43,44.5086,50.263,38.39,86,93,12.15
62,Awbari,LY,2022-01-30 17:05:44,26.5921,12.7805,52.48,37,0,8.23
63,Asfi,MA,2022-01-30 17:05:44,32.2994,-9.2372,66.81,61,47,11.45
64,Qaanaaq,GL,2022-01-30 17:05:44,77.484,-69.3632,-7.4,75,100,10.13
65,Yashan,CN,2022-01-30 17:05:45,22.1975,109.9419,54.91,80,77,5.66
66,Bredasdorp,ZA,2022-01-30 17:05:45,-34.5322,20.0403,77.29,71,6,16.37
67,Barahona,DO,2022-01-30 17:05:45,18.2085,-71.1008,87.62,58,20,11.5
68,Brokopondo,SR,2022-01-30 17:05:46,4.75,-55.1667,83.41,64,94,2.53
69,Dikson,RU,2022-01-30 17:05:46,73.5069,80.5464,0.03,92,100,21.18
70,Yellowknife,CA,2022-01-30 17:01:27,62.456,-114.3525,-16.08,76,100,6.91
71,Aitape,PG,2022-01-30 17:05:47,-3.1374,142.3475,77.81,88,100,11.16
72,Brasileia,BR,2022-01-30 17:05:47,-11.0161,-68.7481,81.05,83,100,0.0
73,Novopokrovka,UA,2022-01-30 17:05:47,49.8425,36.5477,32.38,94,100,15.55
74,Meulaboh,ID,2022-01-30 17:05:48,4.1363,96.1285,78.87,80,86,4.07
75,Nikolskoye,RU,2022-01-30 17:05:48,59.7035,30.7861,30.7,94,100,7.92
76,Talnakh,RU,2022-01-30 17:05:48,69.4865,88.3972,-11.49,97,89,8.66
77,Millinocket,US,2022-01-30 17:05:49,45.6573,-68.7098,15.91,48,0,10.36
78,Porto Novo,BJ,2022-01-30 17:05:49,6.4965,2.6036,83.82,39,77,8.75
79,Coahuayana,MX,2022-01-30 17:05:49,18.7333,-103.6833,85.48,30,0,4.18
80,Shieli,KZ,2022-01-30 17:05:50,44.1667,66.75,26.11,87,14,6.11
81,Mogadishu,SO,2022-01-30 17:05:50,2.0371,45.3438,77.7,82,36,21.41
82,Lampazos De Naranjo,MX,2022-01-30 17:05:51,27.0167,-100.5167,61.29,37,1,3.53
83,Hare Bay,CA,2022-01-30 17:05:51,48.8499,-54.0148,47.19,71,100,24.05
84,Rawson,AR,2022-01-30 17:05:51,-43.3002,-65.1023,68.29,22,40,26.46
85,Katsina,NG,2022-01-30 17:05:52,12.9894,7.6006,78.3,11,76,15.3
86,Narsaq,GL,2022-01-30 17:05:52,60.9167,-46.05,10.62,61,100,6.17
87,Aguilas,ES,2022-01-30 17:05:52,37.4063,-1.5829,66.76,41,0,2.71
88,Grand Gaube,MU,2022-01-30 17:05:53,-20.0064,57.6608,81.0,74,42,5.01
89,Bambous Virieux,MU,2022-01-30 17:05:53,-20.3428,57.7575,80.85,78,75,14.97
90,Norman Wells,CA,2022-01-30 17:05:16,65.282,-126.8329,-23.6,99,95,4.65
91,Lata,PT,2022-01-30 17:05:54,40.1629,-8.3327,62.71,42,88,3.09
92,Ponta Do Sol,PT,2022-01-30 17:05:54,32.6667,-17.1,70.12,36,0,8.01
93,Deulgaon Raja,IN,2022-01-30 17:06:54,20.0167,76.0333,66.43,25,0,5.26
94,San Carlos,VE,2022-01-30 17:06:55,9.6612,-68.5827,93.97,26,38,2.33
95,Carnarvon,AU,2022-01-30 17:06:55,-24.8667,113.6333,80.67,74,9,14.97
96,Poum,NC,2022-01-30 17:06:55,-20.2333,164.0167,79.83,80,98,8.57
97,Antsla,EE,2022-01-30 17:06:56,57.8256,26.5406,32.45,99,100,1.77
98,Pecos,US,2022-01-30 17:06:56,31.4229,-103.4932,50.83,36,0,0.0
99,Mount Isa,AU,2022-01-30 17:06:56,-20.7333,139.5,74.97,100,100,8.05
100,Longyearbyen,SJ,2022-01-30 17:06:57,78.2186,15.6401,10.24,61,0,19.57
101,Axim,GH,2022-01-30 17:06:57,4.8699,-2.2405,84.42,64,62,10.65
102,Maragogi,BR,2022-01-30 17:02:51,-9.0122,-35.2225,83.41,70,74,10.56
103,Lorengau,PG,2022-01-30 17:06:58,-2.0226,147.2712,79.02,84,100,11.23
104,Beloha,MG,2022-01-30 17:06:58,-25.1667,45.05,75.06,67,86,16.2
105,Kang,BW,2022-01-30 17:06:59,-23.6752,22.7876,71.98,68,95,10.4
106,Ust-Kuyga,RU,2022-01-30 17:06:33,70.0167,135.6,-30.93,99,98,6.29
107,Pasni,PK,2022-01-30 17:06:59,25.2631,63.471,72.7,75,0,16.87
108,Walvis Bay,NA,2022-01-30 17:06:59,-22.9575,14.5053,67.08,79,30,5.17
109,Faanui,PF,2022-01-30 17:07:00,-16.4833,-151.75,78.98,75,63,7.45
110,Puro,PH,2022-01-30 17:07:00,12.4841,123.3827,78.98,78,68,3.15
111,Cockburn Town,TC,2022-01-30 17:07:00,21.4612,-71.1419,78.76,65,40,17.27
112,Zhigansk,RU,2022-01-30 17:07:01,66.7697,123.3711,-32.55,100,97,3.24
113,Halifax,CA,2022-01-30 17:04:10,44.6453,-63.5724,26.01,72,95,10.0
114,Cidreira,BR,2022-01-30 17:07:01,-30.1811,-50.2056,76.98,57,8,14.83
115,Flin Flon,CA,2022-01-30 17:07:02,54.7682,-101.865,7.86,93,100,8.08
116,Fernley,US,2022-01-30 17:04:16,39.608,-119.2518,45.16,30,1,2.71
117,Saint-Philippe,RE,2022-01-30 17:07:02,-21.3585,55.7679,80.19,77,68,11.54
118,Wichian Buri,TH,2022-01-30 17:07:03,15.6578,101.106,80.44,40,3,4.59
119,Teguise,ES,2022-01-30 17:07:03,29.0605,-13.564,64.62,56,0,6.91
120,Mount Gambier,AU,2022-01-30 17:07:03,-37.8333,140.7667,62.51,100,100,8.05
121,Airai,TL,2022-01-30 17:06:25,-8.9266,125.4092,61.7,92,97,3.8
122,Husavik,IS,2022-01-30 17:07:04,66.0449,-17.3389,25.79,70,76,21.27
123,Port Alfred,ZA,2022-01-30 17:07:04,-33.5906,26.891,75.9,84,87,21.12
124,Ribeira Grande,PT,2022-01-30 17:07:05,38.5167,-28.7,61.2,63,20,20.71
125,Conakry,GN,2022-01-30 17:07:05,9.538,-13.6773,90.36,68,81,12.71
126,Dingle,PH,2022-01-30 17:07:05,10.9995,122.6711,75.79,91,91,2.35
127,Ancud,CL,2022-01-30 17:07:06,-41.8697,-73.8203,60.33,56,36,11.14
128,Saint Anthony,US,2022-01-30 17:07:06,45.0205,-93.218,19.33,69,0,1.99
129,Nichinan,JP,2022-01-30 17:07:07,31.6,131.3667,39.76,74,19,8.79
130,Teya,RU,2022-01-30 17:07:07,60.3778,92.6267,-12.48,100,96,3.13
131,Kapaa,US,2022-01-30 17:07:08,22.0752,-159.319,71.92,77,20,1.01
132,Asau,RO,2022-01-30 17:07:08,46.4333,26.4,39.4,72,41,19.15
133,Kaitangata,NZ,2022-01-30 17:07:08,-46.2817,169.8464,53.78,96,53,2.28
134,Avera,US,2022-01-30 17:06:33,33.194,-82.5271,52.45,30,0,14.65
135,Lagoa,PT,2022-01-30 17:08:09,39.05,-27.9833,57.83,65,60,21.85
136,Grosuplje,SI,2022-01-30 17:08:09,45.9556,14.6589,43.9,75,0,1.19
137,Arman,RU,2022-01-30 17:08:10,59.7,150.1667,6.06,79,100,13.35
138,Great Bend,US,2022-01-30 17:08:10,38.3645,-98.7648,45.88,46,0,1.99
139,Yuryevets,RU,2022-01-30 17:08:10,57.3201,43.1041,16.48,96,96,7.78
140,Zhoukou,CN,2022-01-30 17:08:02,33.6333,114.6333,33.69,78,75,7.65
141,Hasaki,JP,2022-01-30 17:08:11,35.7333,140.8333,32.4,50,95,14.72
142,Southbridge,US,2022-01-30 17:08:11,42.0751,-72.0334,20.79,37,11,1.99
143,Nizhnyaya Tavda,RU,2022-01-30 17:08:12,57.6731,66.1725,-3.21,100,100,1.77
144,Haines Junction,CA,2022-01-30 17:08:12,60.7522,-137.5108,-0.13,98,99,3.4
145,Arrifes,PT,2022-01-30 17:08:12,37.7667,-25.7,53.85,82,40,13.8
146,Quchan,IR,2022-01-30 17:08:13,37.106,58.5095,29.39,61,0,3.58
147,Upernavik,GL,2022-01-30 17:08:13,72.7868,-56.1549,-4.58,74,100,9.86
148,College,US,2022-01-30 17:08:14,64.8569,-147.8028,-26.34,66,20,0.0
149,Liverpool,GB,2022-01-30 17:08:14,53.4106,-2.9779,46.74,77,40,3.0
150,Georgetown,MY,2022-01-30 17:07:05,5.4112,100.3354,83.89,83,20,3.44
151,Hermanus,ZA,2022-01-30 17:08:14,-34.4187,19.2345,87.91,65,28,19.37
152,Katsuura,JP,2022-01-30 17:08:15,35.1333,140.3,41.18,65,100,11.12
153,Half Moon Bay,US,2022-01-30 17:08:15,37.4636,-122.4286,54.88,86,0,0.0
154,Abnub,EG,2022-01-30 17:08:15,27.2696,31.1511,55.51,38,4,5.95
155,Comodoro Rivadavia,AR,2022-01-30 17:08:16,-45.8667,-67.5,62.46,20,40,17.27
156,Lakes Entrance,AU,2022-01-30 17:08:16,-37.8811,147.981,68.58,98,92,1.1
157,Bolgar,RU,2022-01-30 17:08:16,54.95,49.0667,9.0,100,97,2.19
158,Challapata,BO,2022-01-30 17:08:17,-18.9,-66.7667,53.85,66,100,6.31
159,Sept-Iles,CA,2022-01-30 17:08:17,50.2001,-66.3821,8.06,66,100,8.99
160,Malartic,CA,2022-01-30 17:08:17,48.1335,-78.1328,10.02,78,96,7.52
161,Strelka,RU,2022-01-30 17:08:18,58.0728,93.0344,-7.35,100,94,2.21
162,Daru,PG,2022-01-30 17:08:18,-9.0763,143.2092,75.76,88,100,7.43
163,Tommot,RU,2022-01-30 17:08:19,58.9564,126.2925,-4.54,97,100,6.44
164,Mar Del Plata,AR,2022-01-30 17:05:23,-38.0023,-57.5575,86.02,56,0,25.99
165,Thompson,CA,2022-01-30 17:08:19,55.7435,-97.8558,1.6,92,100,5.14
166,Orange Cove,US,2022-01-30 17:08:19,36.6244,-119.3137,61.84,39,0,2.71
167,Provideniya,RU,2022-01-30 17:08:20,64.3833,-173.3,5.23,80,1,7.43
168,Beyneu,KZ,2022-01-30 17:08:20,45.3167,55.2,32.95,77,98,13.09
169,Sorland,NO,2022-01-30 17:08:21,67.667,12.6934,33.66,53,100,20.49
170,Rio Grande,BR,2022-01-30 17:06:16,-32.035,-52.0986,81.95,52,23,15.39
171,Vostok,RU,2022-01-30 17:08:21,46.4856,135.8833,-20.99,99,71,3.85
172,Chokurdakh,RU,2022-01-30 17:08:21,70.6333,147.9167,-29.6,89,36,1.16
173,Chany,RU,2022-01-30 17:08:22,55.3121,76.7647,11.43,96,88,8.48
174,Pevek,RU,2022-01-30 17:08:22,69.7008,170.3133,-11.36,95,100,1.7
175,Shelburne,CA,2022-01-30 17:08:22,44.0787,-80.2041,18.9,67,66,9.1
176,Catamarca,AR,2022-01-30 17:05:06,-28.4696,-65.7852,92.77,40,0,3.0
177,Druzhba,UA,2022-01-30 17:09:23,52.0428,33.9453,31.71,98,99,12.06
178,Beesel,NL,2022-01-30 17:09:23,51.2683,6.0389,44.35,69,17,5.55
179,Dunedin,NZ,2022-01-30 17:06:08,-45.8742,170.5036,54.59,92,38,5.23
180,Hirara,JP,2022-01-30 17:09:24,24.8,125.2833,62.51,61,99,28.5
181,Borba,BR,2022-01-30 17:09:24,-4.3878,-59.5939,81.0,73,98,4.94
182,Odweyne,SO,2022-01-30 17:09:24,9.4092,45.064,63.73,60,65,10.63
183,Leningradskiy,RU,2022-01-30 17:07:47,69.3833,178.4167,-8.52,93,100,1.32
184,Tarsus,TR,2022-01-30 17:09:25,36.9188,34.8784,49.87,78,94,7.78
185,Coihaique,CL,2022-01-30 17:09:25,-45.5752,-72.0662,57.81,47,40,8.05
186,Jackson,US,2022-01-30 17:09:26,42.4165,-122.8345,41.45,77,0,3.44
187,Pustoshka,RU,2022-01-30 17:09:26,56.3355,29.369,31.71,98,100,5.57
188,Alofi,NU,2022-01-30 17:09:26,-19.0595,-169.9187,79.97,77,94,8.5
189,Seddon,AU,2022-01-30 17:09:27,-37.8068,144.8916,70.61,89,100,1.99
190,Fremont,US,2022-01-30 17:06:02,37.5483,-121.9886,54.93,81,0,1.99
191,Torbay,CA,2022-01-30 17:09:27,47.6666,-52.7314,49.15,91,100,28.77
192,New Norfolk,AU,2022-01-30 17:09:28,-42.7826,147.0587,55.9,76,2,2.01
193,Port Hardy,CA,2022-01-30 17:09:28,50.6996,-127.4199,40.75,93,100,1.32
194,Camacha,PT,2022-01-30 17:09:29,33.0833,-16.3333,65.53,82,20,18.41
195,Vardo,NO,2022-01-30 17:09:29,70.3705,31.1107,26.35,93,100,20.71
196,Misratah,LY,2022-01-30 17:07:18,32.3754,15.0925,57.54,59,37,18.14
197,Ferme-Neuve,CA,2022-01-30 17:09:29,46.7001,-75.4493,9.73,81,91,6.02
198,Severo-Kurilsk,RU,2022-01-30 17:09:30,50.6789,156.125,26.37,92,100,15.28
199,Henties Bay,NA,2022-01-30 17:09:30,-22.116,14.2845,66.85,79,100,5.48
200,Piranshahr,IR,2022-01-30 17:07:15,36.701,45.1413,17.85,93,63,6.46
201,Chimore,BO,2022-01-30 17:09:30,-16.9833,-65.1333,92.91,38,84,2.57
202,Aranos,NA,2022-01-30 17:09:31,-24.1333,19.1167,74.75,65,92,8.41
203,Manta,EC,2022-01-30 17:09:31,-0.95,-80.7333,76.78,78,100,2.3
204,Palmas,BR,2022-01-30 17:05:05,-10.2128,-48.3603,85.87,62,40,9.22
205,Shediac,CA,2022-01-30 17:09:32,46.2198,-64.5411,17.1,81,96,16.46
206,Port Macquarie,AU,2022-01-30 17:09:32,-31.4333,152.9167,71.49,100,100,2.3
207,Komsomolskiy,UZ,2022-01-30 17:09:32,40.4272,71.7189,33.22,86,100,4.61
208,Reconquista,AR,2022-01-30 17:09:33,-29.15,-59.65,93.56,18,0,7.61
209,Aksarka,RU,2022-01-30 17:09:33,66.5606,67.7975,-1.68,96,100,6.2
210,Xiuyan,CN,2022-01-30 17:09:33,40.2928,123.2744,17.96,43,1,2.46
211,Solvychegodsk,RU,2022-01-30 17:09:34,61.3305,46.9156,6.53,97,65,4.56
212,Aksu,CN,2022-01-30 17:09:34,41.1231,80.2644,24.33,47,41,1.7
213,Koson,UZ,2022-01-30 17:09:34,39.0375,65.585,39.52,56,15,4.92
214,Victoria,HK,2022-01-30 17:05:19,22.2855,114.1577,60.33,73,43,1.01
215,Touros,BR,2022-01-30 17:09:35,-5.1989,-35.4608,88.7,63,22,15.86
216,Erzin,TR,2022-01-30 17:09:35,36.9559,36.2,46.92,79,45,7.67
217,Mwense,ZM,2022-01-30 17:09:36,-10.3845,28.698,66.72,96,100,1.77
218,Morlaix,FR,2022-01-30 17:09:36,48.5833,-4.0,50.32,78,100,5.75
219,Saint-Augustin,CA,2022-01-30 17:09:36,51.226,-58.6502,31.62,81,99,32.32
220,Palu,ID,2022-01-30 17:09:37,-0.8917,119.8707,76.37,95,100,1.3
221,Elat,IL,2022-01-30 17:09:37,29.5581,34.9482,58.84,38,0,6.91
222,Sola,VU,2022-01-30 17:09:37,-13.8833,167.55,79.75,83,100,17.63
223,Murdochville,CA,2022-01-30 17:10:38,48.9583,-65.5006,3.83,83,100,17.25
224,Sena Madureira,BR,2022-01-30 17:10:38,-9.0656,-68.6569,76.03,92,100,1.81
225,Meadow Lake,US,2022-01-30 17:10:38,34.8014,-106.5436,45.68,41,100,3.33
226,Morondava,MG,2022-01-30 17:07:18,-20.2833,44.2833,83.5,72,1,17.92
227,Mandalgovi,MN,2022-01-30 17:10:39,45.7625,106.2708,-0.49,79,7,13.13
228,Oussouye,SN,2022-01-30 17:10:39,12.485,-16.5469,92.79,25,73,12.73
229,Westport,US,2022-01-30 17:10:39,41.1415,-73.3579,24.78,46,0,1.99
230,Broken Hill,AU,2022-01-30 17:10:40,-31.95,141.4333,80.01,62,93,7.92
231,Chapais,CA,2022-01-30 17:10:40,49.7834,-74.8492,2.37,85,98,8.48
232,Laguna,US,2022-01-30 17:10:40,38.421,-121.4238,56.08,78,0,1.01
233,Vanimo,PG,2022-01-30 17:10:41,-2.6741,141.3028,77.49,87,99,9.75
234,Kahului,US,2022-01-30 17:10:41,20.8947,-156.47,73.85,78,20,3.44
235,Wojkowice,PL,2022-01-30 17:07:19,50.3651,19.0365,39.22,80,75,5.01
236,Lagos,NG,2022-01-30 17:08:29,6.5833,3.75,85.26,34,64,7.83
237,Jasper,US,2022-01-30 17:07:01,37.2001,-94.3502,48.34,41,40,1.99
238,Khandbari,NP,2022-01-30 17:10:42,27.3747,87.2039,51.26,77,99,0.18
239,Ginebra,CH,2022-01-30 17:10:42,46.2022,6.1457,47.23,70,40,5.75
240,Birao,CF,2022-01-30 17:10:42,10.2849,22.7882,77.81,14,29,5.32
241,Gizo,SB,2022-01-30 17:10:43,-8.103,156.8419,81.5,80,99,9.35
242,Una,IN,2022-01-30 17:10:43,20.8167,71.0333,66.94,45,0,6.89
243,Broome,US,2022-01-30 17:10:43,42.2506,-75.833,19.56,67,0,3.0
244,Chiang Rai,TH,2022-01-30 17:10:44,19.9167,99.9167,61.57,87,7,1.01
245,Tahta,EG,2022-01-30 17:10:44,26.7693,31.5021,56.62,37,95,7.52
246,Llanes,ES,2022-01-30 17:10:45,43.4198,-4.7549,50.9,81,27,9.06
247,East London,ZA,2022-01-30 17:07:43,-33.0153,27.9116,77.94,78,0,17.27
248,Pemangkat,ID,2022-01-30 17:10:45,1.1667,108.9667,78.17,83,100,6.15
249,Mahebourg,MU,2022-01-30 17:10:45,-20.4081,57.7,80.89,78,75,14.97
250,Qianguo,CN,2022-01-30 17:10:46,45.1171,124.8568,-5.98,100,6,2.73
251,Canon City,US,2022-01-30 17:10:46,38.441,-105.2424,52.61,18,0,5.99
252,Greencastle,US,2022-01-30 17:09:00,39.6445,-86.8647,36.7,57,0,4.0
253,Cartaya,ES,2022-01-30 17:10:47,37.2811,-7.1507,61.93,42,87,2.51
254,Ranong,TH,2022-01-30 17:10:47,9.9658,98.6348,74.8,87,44,3.67
255,Egvekinot,RU,2022-01-30 17:10:47,66.3167,-179.1667,-0.67,64,47,7.11
256,Beringovskiy,RU,2022-01-30 17:10:48,63.05,179.3167,-13.85,99,69,6.96
257,Ahipara,NZ,2022-01-30 17:10:48,-35.1667,173.1667,60.35,92,100,8.12
258,Malumfashi,NG,2022-01-30 17:10:48,11.7853,7.6218,76.68,11,52,13.71
259,Bengkulu,ID,2022-01-30 17:06:39,-3.8004,102.2655,76.51,92,100,4.76
260,Lazarev,RU,2022-01-30 17:10:49,52.225,141.5131,-9.89,93,68,5.75
261,Izhma,RU,2022-01-30 17:10:49,65.0083,53.9113,7.63,97,96,5.03
262,Guerrero Negro,MX,2022-01-30 17:08:56,27.9769,-114.0611,63.14,60,64,11.45
263,Kungurtug,RU,2022-01-30 17:10:50,50.5994,97.5228,-21.01,98,52,1.81
264,Jatai,BR,2022-01-30 17:10:50,-17.8814,-51.7144,68.61,97,100,8.55
265,Port Elizabeth,ZA,2022-01-30 17:10:50,-33.918,25.5701,78.1,83,81,17.67
266,Nanton,CA,2022-01-30 17:10:51,50.3501,-113.7687,34.52,46,100,4.54
267,Deputatskiy,RU,2022-01-30 17:10:51,69.3,139.9,-24.83,100,46,2.75
268,Cabo San Lucas,MX,2022-01-30 17:10:51,22.8909,-109.9124,73.71,72,20,1.99
269,Neon Monastirion,GR,2022-01-30 17:11:52,39.2333,22.25,42.89,66,28,3.33
270,Thinadhoo,MV,2022-01-30 17:11:52,0.5333,72.9333,82.33,73,100,10.71
271,Northam,GB,2022-01-30 17:11:52,51.0333,-4.2167,47.82,89,64,15.08
272,Kodiak,US,2022-01-30 17:11:53,57.79,-152.4072,24.31,74,75,10.36
273,Esperance,AU,2022-01-30 17:11:53,-33.8667,121.9,71.22,60,59,8.57
274,Adrar,MR,2022-01-30 17:11:53,20.5022,-10.0711,85.21,9,100,14.25
275,Mazatlan,MX,2022-01-30 17:11:54,23.2167,-106.4167,73.02,76,0,0.0
276,Whitehorse,CA,2022-01-30 17:11:54,60.7161,-135.0538,9.01,71,99,1.99
277,Port Lincoln,AU,2022-01-30 17:11:55,-34.7333,135.8667,66.22,84,0,10.83
278,Henderson,US,2022-01-30 17:09:02,36.0397,-114.9819,57.38,20,0,4.61
279,Cabedelo,BR,2022-01-30 17:11:55,-6.9811,-34.8339,88.47,68,95,12.88
280,Puerto Escondido,MX,2022-01-30 17:07:05,15.85,-97.0667,83.23,74,0,6.91
281,Namibe,AO,2022-01-30 17:11:55,-15.1961,12.1522,73.76,72,98,9.28
282,Geraldton,AU,2022-01-30 17:11:56,-28.7667,114.6,72.01,94,100,16.11
283,Bo Phloi,TH,2022-01-30 17:11:56,14.3236,99.5161,72.43,51,17,5.59
284,Kousseri,CM,2022-01-30 17:11:57,12.0769,15.0306,76.69,12,100,9.17
285,Diebougou,BF,2022-01-30 17:11:57,10.9667,-3.25,94.73,8,60,10.16
286,Sembe,CG,2022-01-30 17:11:57,1.6481,14.5806,82.35,25,100,3.24
287,Banamba,ML,2022-01-30 17:11:58,13.55,-7.45,93.33,7,14,14.65
288,Weinan,CN,2022-01-30 17:11:58,34.5036,109.5089,29.93,59,1,6.46
289,Ayan,RU,2022-01-30 17:11:58,56.45,138.1667,1.44,70,100,17.25
290,Litovko,RU,2022-01-30 17:11:59,49.2361,135.1742,-26.37,100,77,1.97
291,Mednogorsk,RU,2022-01-30 17:11:59,51.4128,57.595,26.58,96,100,15.75
292,Malkangiri,IN,2022-01-30 17:11:59,18.35,81.9,62.44,33,1,1.5
293,Portland,US,2022-01-30 17:09:17,45.5234,-122.6762,43.2,79,75,1.99
294,Makinsk,KZ,2022-01-30 17:12:00,52.6292,70.4169,2.55,95,100,13.15
295,Nelson Bay,AU,2022-01-30 17:12:00,-32.7167,152.15,73.0,94,41,1.41
296,Mecca,SA,2022-01-30 17:12:00,21.4267,39.8261,69.33,58,54,5.75
297,Porosozero,RU,2022-01-30 17:12:01,62.7191,32.727,18.01,95,100,8.14
298,Chumikan,RU,2022-01-30 17:07:42,54.7183,135.315,2.08,80,100,16.89
299,Bandarbeyla,SO,2022-01-30 17:12:01,9.4942,50.8122,76.1,73,50,16.51
300,Paamiut,GL,2022-01-30 17:12:01,61.994,-49.6678,8.91,68,100,10.27
301,Olinda,BR,2022-01-30 17:12:02,-8.0089,-34.8553,85.73,70,40,11.5
302,Carutapera,BR,2022-01-30 17:12:02,-1.195,-46.02,76.8,92,93,6.35
303,Honiara,SB,2022-01-30 17:12:03,-9.4333,159.95,77.7,86,100,1.39
304,Ngaoundere,CM,2022-01-30 17:12:03,7.3167,13.5833,74.14,17,48,8.03
305,Tame,CO,2022-01-30 17:12:03,6.461,-71.73,87.3,31,91,10.27
306,Omsukchan,RU,2022-01-30 17:12:04,62.5333,155.8,-12.42,100,100,5.53
307,Stavyshche,UA,2022-01-30 17:12:04,50.4,29.5333,37.09,97,93,12.86
308,Madang,PG,2022-01-30 17:12:04,-5.2246,145.7966,74.86,97,100,4.45
309,Ocos,GT,2022-01-30 17:12:05,14.5094,-92.1933,90.32,61,5,5.39
310,Klyuchi,RU,2022-01-30 17:12:05,52.2667,79.1667,18.39,97,78,7.99
311,Uporovo,RU,2022-01-30 17:12:05,56.3109,66.2693,7.86,96,100,4.52
312,Coquimbo,CL,2022-01-30 17:12:06,-29.9533,-71.3436,69.53,60,0,14.97
313,Ojinaga,MX,2022-01-30 17:12:06,29.5667,-104.4167,62.56,41,0,4.61
314,Saint-Hubert,BE,2022-01-30 17:07:13,50.05,5.3833,36.39,89,12,2.08
315,Sao Joao Da Barra,BR,2022-01-30 17:12:07,-21.6403,-41.0511,91.49,70,69,6.93
316,Amga,RU,2022-01-30 17:13:07,60.8953,131.9608,-27.9,100,100,1.81
317,Saint George,US,2022-01-30 17:13:07,37.1041,-113.5841,48.34,28,0,3.44
318,Qinhuangdao,CN,2022-01-30 17:13:08,39.9317,119.5883,30.06,57,99,1.07
319,Santa Cruz,BO,2022-01-30 17:12:22,-17.8,-63.1667,93.25,33,40,4.61
320,Tiksi,RU,2022-01-30 17:09:13,71.6872,128.8694,-16.71,100,80,4.23
321,Padang,ID,2022-01-30 17:11:28,-0.9492,100.3543,77.22,92,100,3.91
322,Stornoway,GB,2022-01-30 17:13:08,58.2093,-6.3865,45.93,94,100,10.0
323,Pout,SN,2022-01-30 17:13:09,14.7739,-17.0603,75.96,57,0,19.57
324,Ouesso,CG,2022-01-30 17:13:09,1.6136,16.0517,85.48,21,91,1.9
325,Kimbe,PG,2022-01-30 17:13:09,-5.5502,150.1429,76.24,94,100,1.66
326,Choma,ZM,2022-01-30 17:13:10,-16.8065,26.9531,64.2,97,100,3.36
327,Soe,ID,2022-01-30 17:13:10,-9.8607,124.284,68.02,88,99,7.45
328,Warrnambool,AU,2022-01-30 17:13:10,-38.3833,142.4833,63.81,96,11,7.61
329,Along,IN,2022-01-30 17:13:11,28.1667,94.7667,47.79,74,83,1.83
330,Tahe,CN,2022-01-30 17:13:11,52.3333,124.7333,-6.0,92,59,4.36
331,Jiwani,PK,2022-01-30 17:13:11,25.05,61.7417,72.81,75,0,17.13
332,Bartica,GY,2022-01-30 17:13:12,6.4,-58.6167,77.32,60,72,4.0
333,Banfora,BF,2022-01-30 17:13:12,10.6333,-4.7667,94.68,8,59,9.57
334,Kokopo,PG,2022-01-30 17:13:12,-4.352,152.2633,76.42,85,68,3.94
335,Iskateley,RU,2022-01-30 17:13:13,67.6803,53.1512,12.87,92,100,13.67
336,Nagari,IN,2022-01-30 17:13:13,13.3333,79.5833,71.4,89,38,3.06
337,Mantua,IT,2022-01-30 17:13:13,45.1667,10.7833,49.71,82,2,1.99
338,Anadyr,RU,2022-01-30 17:13:14,64.75,177.4833,-17.52,75,94,6.17
339,Lokosovo,RU,2022-01-30 17:13:14,61.1333,74.8167,8.89,93,100,7.4
340,Phek,IN,2022-01-30 17:13:15,25.6667,94.5,40.78,95,100,0.58
341,Puga,MX,2022-01-30 17:13:15,21.5833,-104.8167,75.27,40,0,0.0
342,La Sarre,CA,2022-01-30 17:13:15,48.8002,-79.1996,6.44,85,99,8.23
343,Kyzyl-Suu,KG,2022-01-30 17:13:16,42.3414,78.0056,17.87,65,73,9.98
344,Melfi,IT,2022-01-30 17:13:16,40.9965,15.6514,39.16,77,5,6.55
345,Viedma,AR,2022-01-30 17:13:16,-40.8135,-62.9967,61.61,49,57,23.26
346,Trairi,BR,2022-01-30 17:13:08,-3.2778,-39.2689,78.19,86,100,7.78
347,Celestun,MX,2022-01-30 17:13:17,20.8667,-90.4,71.67,49,50,8.61
348,Fort Nelson,CA,2022-01-30 17:13:17,58.8053,-122.7002,-2.42,98,99,2.57
349,Tarakan,ID,2022-01-30 17:13:18,3.3,117.6333,79.36,79,84,4.09
350,Katobu,ID,2022-01-30 17:13:18,-4.9408,122.5276,77.07,85,100,2.68
351,Shingu,JP,2022-01-30 17:13:18,33.7333,135.9833,38.12,74,60,7.99
352,Yerbogachen,RU,2022-01-30 17:13:19,61.2767,108.0108,-6.74,100,98,2.62
353,Sens,FR,2022-01-30 17:13:19,48.1667,3.3333,46.51,80,16,1.81
354,Mnogovershinnyy,RU,2022-01-30 17:13:19,53.9353,139.9242,0.39,96,100,6.11
355,Innisfail,AU,2022-01-30 17:13:20,-17.5333,146.0333,74.3,89,13,4.65
356,Waingapu,ID,2022-01-30 17:13:20,-9.6567,120.2641,79.72,78,100,10.49
357,Lasa,IT,2022-01-30 17:13:20,46.6166,10.7002,39.94,86,5,9.04
358,Lebedinyy,RU,2022-01-30 17:13:21,58.5167,125.5167,-13.9,99,100,3.6
359,Krikellos,GR,2022-01-30 17:13:21,38.95,21.1833,47.93,71,56,3.65
360,Nome,US,2022-01-30 17:13:21,64.5011,-165.4064,-5.89,77,0,0.0
361,Kony,HU,2022-01-30 17:13:22,47.6305,17.3572,45.12,54,37,29.86
362,Opuwo,NA,2022-01-30 17:13:22,-18.0607,13.84,79.09,27,66,19.8
363,Leh,IN,2022-01-30 17:13:22,34.1667,77.5833,9.88,80,100,0.92
364,Mikhaylovka,RU,2022-01-30 17:14:23,50.06,43.2379,27.7,93,100,11.99
365,Qeshm,IR,2022-01-30 17:14:23,26.9581,56.2719,69.67,64,0,14.0
366,Walla Walla,US,2022-01-30 17:13:23,46.0646,-118.343,32.14,85,100,0.0
367,Hambantota,LK,2022-01-30 17:14:24,6.1241,81.1185,77.83,86,18,11.43
368,Smolenka,RU,2022-01-30 17:14:24,52.1352,113.4974,-21.93,76,21,2.24
369,Salinopolis,BR,2022-01-30 17:14:24,-0.6136,-47.3561,80.01,82,95,8.43
370,Seoul,KR,2022-01-30 17:14:13,37.5683,126.9778,26.04,34,0,3.56
371,Bandar-E Lengeh,IR,2022-01-30 17:14:25,26.5579,54.8807,69.1,62,0,11.9
372,Lock Haven,US,2022-01-30 17:14:25,41.137,-77.4469,23.92,53,33,4.97
373,Wanning,CN,2022-01-30 17:14:25,18.8003,110.3967,68.54,91,99,8.37
374,Neiafu,TO,2022-01-30 17:14:26,-18.65,-173.9833,80.49,76,100,5.41
375,Harper,LR,2022-01-30 17:14:26,4.375,-7.7169,83.97,69,74,11.39
376,Freeport,US,2022-01-30 17:13:59,40.6576,-73.5832,24.98,57,0,5.01
377,Raudeberg,NO,2022-01-30 17:14:27,61.9875,5.1352,33.4,83,99,1.99
378,Tecoanapa,MX,2022-01-30 17:14:27,16.5167,-98.75,83.07,61,5,5.64
379,Sistranda,NO,2022-01-30 17:13:05,63.7256,8.834,34.9,60,100,13.62
380,Sakakah,SA,2022-01-30 17:11:07,29.9697,40.2064,51.31,40,55,11.83
381,Aklavik,CA,2022-01-30 17:14:27,68.2191,-135.0107,-2.72,96,100,6.26
382,Hay River,CA,2022-01-30 17:14:28,60.8156,-115.7999,0.79,96,100,4.99
383,Manoel Urbano,BR,2022-01-30 17:14:28,-8.8389,-69.2597,81.28,77,100,3.24
384,Buala,SB,2022-01-30 17:14:28,-8.145,159.5921,79.88,83,96,4.88
385,Nuevo Progreso,MX,2022-01-30 17:14:29,23.1667,-97.95,69.6,56,33,1.99
386,Atambua,ID,2022-01-30 17:14:29,-9.1061,124.8925,74.64,90,99,5.35
387,Klaksvik,FO,2022-01-30 17:14:29,62.2266,-6.589,34.72,93,100,15.86
388,Namatanai,PG,2022-01-30 17:14:30,-3.6667,152.4333,78.44,84,91,3.27
389,Otradnoye,RU,2022-01-30 17:14:30,59.7775,30.8181,30.87,94,100,7.85
390,Mana,GF,2022-01-30 17:14:30,5.6592,-53.7767,82.18,69,42,10.98
391,Sibolga,ID,2022-01-30 17:14:31,1.7427,98.7792,76.62,91,98,2.53
392,Goderich,CA,2022-01-30 17:14:31,43.7501,-81.7165,19.9,68,100,9.22
393,Caravelas,BR,2022-01-30 17:14:32,-17.7125,-39.2481,87.22,61,87,12.86
394,Grindavik,IS,2022-01-30 17:14:32,63.8424,-22.4338,27.07,50,75,37.98
395,Bosanski Novi,BA,2022-01-30 17:14:32,45.0458,16.3803,40.12,73,1,3.2
396,Sunrise Manor,US,2022-01-30 17:14:33,36.2111,-115.0731,57.45,18,0,1.01
397,Baghdad,IQ,2022-01-30 17:11:18,33.3406,44.4009,51.71,50,0,4.61
398,Sambava,MG,2022-01-30 17:14:33,-14.2667,50.1667,79.32,86,87,14.14
399,Luderitz,NA,2022-01-30 17:14:33,-26.6481,15.1594,71.76,70,70,5.44
400,Brits,ZA,2022-01-30 17:14:34,-25.6347,27.7802,75.45,77,100,3.51
401,Lake Havasu City,US,2022-01-30 17:14:34,34.4839,-114.3224,61.11,15,0,1.01
402,Camalu,MX,2022-01-30 17:14:34,30.85,-116.0667,57.42,44,0,2.1
403,Okha,RU,2022-01-30 17:14:35,53.5739,142.9478,6.42,93,100,20.49
404,Makakilo City,US,2022-01-30 17:11:37,21.3469,-158.0858,71.92,74,0,5.75
405,Krosno Odrzanskie,PL,2022-01-30 17:14:35,52.0549,15.0988,42.46,69,20,18.57
406,Nanortalik,GL,2022-01-30 17:14:36,60.1432,-45.2371,17.96,60,100,9.82
407,Sfantu Gheorghe,RO,2022-01-30 17:09:37,45.8667,25.7833,36.66,57,94,16.37
408,Martinho Campos,BR,2022-01-30 17:14:36,-19.3317,-45.2369,79.3,71,98,5.39
409,Plettenberg Bay,ZA,2022-01-30 17:14:36,-34.0527,23.3716,71.67,91,65,9.89
410,Ruteng,ID,2022-01-30 17:14:37,-8.6136,120.4721,63.07,92,100,1.9
411,Kununurra,AU,2022-01-30 17:14:37,-15.7667,128.7333,80.58,78,100,16.11
412,Dargaville,NZ,2022-01-30 17:15:37,-35.9333,173.8833,58.19,96,96,4.99
413,Muros,ES,2022-01-30 17:15:38,42.7762,-9.0603,64.9,63,0,2.51
414,Tautira,PF,2022-01-30 17:15:38,-17.7333,-149.15,73.42,75,98,9.46
415,Kidal,ML,2022-01-30 17:15:38,18.4411,1.4078,82.44,10,3,15.82
416,Mercedes,AR,2022-01-30 17:15:39,-34.6515,-59.4307,87.85,29,0,8.63
417,Breytovo,RU,2022-01-30 17:15:39,58.2993,37.8617,18.45,93,100,12.12
418,Manokwari,ID,2022-01-30 17:15:40,-0.8667,134.0833,77.77,73,100,7.83
419,Yakeshi,CN,2022-01-30 17:15:40,49.2833,120.7333,-28.17,100,80,2.37
420,Heinola,FI,2022-01-30 17:15:40,61.2056,26.0381,24.89,94,100,11.12
421,Cururupu,BR,2022-01-30 17:15:40,-1.8283,-44.8683,82.26,73,95,6.91
422,Soubre,CI,2022-01-30 17:15:41,5.7856,-6.6083,99.01,13,61,4.83
423,Zhenhai,CN,2022-01-30 17:15:41,24.2582,118.0905,53.08,70,7,27.16
424,Dolores,AR,2022-01-30 17:15:41,-36.3132,-57.6792,84.27,43,12,13.87
425,Emba,KZ,2022-01-30 17:15:42,48.8264,58.1442,21.9,93,99,11.43
426,Kirakira,SB,2022-01-30 17:15:42,-10.4544,161.9205,80.2,84,100,4.65
427,Talcahuano,CL,2022-01-30 17:15:42,-36.7167,-73.1167,71.28,60,40,17.27
428,Buraydah,SA,2022-01-30 17:15:43,26.326,43.975,63.05,35,42,13.96
429,Saldanha,ZA,2022-01-30 17:15:43,-33.0117,17.9442,68.23,82,54,20.15
430,Tromso,NO,2022-01-30 17:15:43,69.6496,18.957,23.02,80,0,10.36
431,Dalgopol,BG,2022-01-30 17:15:44,43.05,27.35,42.46,70,74,12.08
432,Gondanglegi,ID,2022-01-30 17:15:44,-7.7479,112.0132,75.09,93,100,0.74
433,Yarovoye,RU,2022-01-30 17:15:44,52.9273,78.58,18.32,96,87,8.3
434,Mangaratiba,BR,2022-01-30 17:15:45,-22.9597,-44.0406,80.02,85,96,4.81
435,Saskylakh,RU,2022-01-30 17:15:45,71.9167,114.0833,-18.44,100,100,2.91
436,Havoysund,NO,2022-01-30 17:15:46,70.9963,24.6622,31.08,65,95,15.55
437,Muncar,ID,2022-01-30 17:15:46,-8.4333,114.3333,76.8,89,100,5.19
438,Businga,CD,2022-01-30 17:15:46,3.3333,20.8833,82.42,24,20,1.92
439,Korla,CN,2022-01-30 17:12:45,41.7597,86.1469,23.59,59,27,2.21
440,Comarapa,BO,2022-01-30 17:15:47,-17.9,-64.4833,75.87,40,62,3.89
441,North Battleford,CA,2022-01-30 17:15:47,52.7834,-108.2847,24.4,92,0,4.61
442,Burriana,ES,2022-01-30 17:15:47,39.889,-0.085,62.19,63,0,2.73
443,Okhotsk,RU,2022-01-30 17:15:48,59.3833,143.3,15.15,76,100,18.41
444,Sisimiut,GL,2022-01-30 17:14:54,66.9395,-53.6735,10.53,79,100,22.79
445,Pochutla,MX,2022-01-30 17:15:48,15.7432,-96.4661,83.82,35,0,5.35
446,Abu Samrah,SY,2022-01-30 17:15:49,35.3029,37.1841,45.36,71,65,7.09
447,Verkhoyansk,RU,2022-01-30 17:15:49,67.5447,133.385,-32.78,100,94,1.52
448,Rosarito,MX,2022-01-30 17:15:49,32.3333,-117.0333,62.15,40,0,3.49
449,Vila Velha,BR,2022-01-30 17:15:50,-20.3297,-40.2925,87.75,62,40,13.8
450,Kropotkin,RU,2022-01-30 17:15:50,45.4375,40.5756,34.36,97,94,9.01
451,Luganville,VU,2022-01-30 17:15:50,-15.5333,167.1667,76.62,93,100,3.8
452,Mantes-La-Ville,FR,2022-01-30 17:15:51,48.9737,1.7025,47.82,77,16,3.13
453,Wajir,KE,2022-01-30 17:15:51,1.7471,40.0573,90.0,24,33,6.04
454,Salalah,OM,2022-01-30 17:15:51,17.0151,54.0924,75.29,69,0,3.44
455,Palauig,PH,2022-01-30 17:15:52,15.435,119.9045,77.2,83,4,8.57
456,Yeniseysk,RU,2022-01-30 17:15:52,58.4497,92.1703,-8.68,100,94,2.46
457,Alassio,IT,2022-01-30 17:15:52,44.0039,8.1671,56.16,81,75,4.61
458,Pacific Grove,US,2022-01-30 17:16:53,36.6177,-121.9166,56.97,71,0,1.01
459,Moron,AR,2022-01-30 17:16:53,-34.6534,-58.6198,88.02,47,0,3.0
460,Sokol,RU,2022-01-30 17:15:52,59.4617,40.1206,15.26,94,100,8.97
461,Coro,VE,2022-01-30 17:16:53,11.4045,-69.6734,83.52,58,12,14.09
462,Bokoro,TD,2022-01-30 17:16:54,12.3807,17.0568,77.02,11,25,11.41
463,Jerez,GT,2022-01-30 17:16:54,14.1,-89.75,66.06,47,10,10.54
464,Vestmannaeyjar,IS,2022-01-30 17:16:54,63.4427,-20.2734,29.39,64,40,34.52
465,Gillette,US,2022-01-30 17:16:55,44.2911,-105.5022,47.32,21,0,8.05
466,Burevestnik,RU,2022-01-30 17:16:55,56.144,43.7883,20.95,86,100,4.47
467,Filadelfia,US,2022-01-30 17:15:00,39.9523,-75.1638,25.99,41,40,3.0
468,San Quintin,MX,2022-01-30 17:16:56,30.4833,-115.95,60.69,53,0,2.51
469,Avila,ES,2022-01-30 17:16:56,40.5833,-5.0,45.9,45,24,2.53
470,Sibu,MY,2022-01-30 17:16:56,2.3,111.8167,74.89,96,100,2.24
471,Salta,AR,2022-01-30 17:16:57,-24.7859,-65.4117,82.58,55,40,5.99
472,Mayna,RU,2022-01-30 17:16:57,54.1135,47.6231,23.56,87,93,6.4
473,Qaqortoq,GL,2022-01-30 17:16:57,60.7167,-46.0333,10.9,60,100,6.06
474,Ilulissat,GL,2022-01-30 17:16:58,69.2167,-51.1,8.62,66,75,17.27
475,Naze,JP,2022-01-30 17:16:58,28.3667,129.4833,53.29,69,96,19.77
476,Basco,PH,2022-01-30 17:16:58,20.4487,121.9702,71.01,77,79,35.19
477,Amposta,ES,2022-01-30 17:16:59,40.7131,0.581,59.94,42,0,2.42
478,Gambela,ET,2022-01-30 17:16:59,8.25,34.5833,88.2,23,18,3.29
479,Tiznit,MA,2022-01-30 17:17:00,29.5833,-9.5,67.91,20,78,24.54
480,Tarabuco,BO,2022-01-30 17:17:00,-19.1667,-64.9167,62.46,44,45,6.87
481,Yaan,NG,2022-01-30 17:17:00,7.3833,8.5667,91.2,9,81,9.57
482,Nemuro,JP,2022-01-30 17:17:01,43.3236,145.575,16.59,69,29,14.76
483,Lieksa,FI,2022-01-30 17:17:01,63.3167,30.0167,18.55,90,100,9.15
484,Bubaque,GW,2022-01-30 17:17:02,11.2833,-15.8333,78.78,56,23,12.64
485,Srednekolymsk,RU,2022-01-30 17:17:02,67.45,153.6833,-22.81,99,100,4.94
486,Rio Cuarto,AR,2022-01-30 17:17:03,-33.1307,-64.3499,87.84,45,0,8.05
487,Bardiyah,LY,2022-01-30 17:17:03,31.7561,25.0865,56.16,67,91,28.9
488,Itacoatiara,BR,2022-01-30 17:17:04,-3.1431,-58.4442,74.34,96,100,3.98
489,Hovd,MN,2022-01-30 17:17:04,48.0056,91.6419,-12.68,82,19,2.19
490,Qingdao,CN,2022-01-30 17:17:05,36.0986,120.3719,28.0,74,0,8.95
491,Mandiana,GN,2022-01-30 17:17:05,10.6333,-8.6833,95.83,9,34,8.41
492,Semarang,ID,2022-01-30 17:17:06,-6.9932,110.4203,76.98,90,100,1.25
493,Santiago Del Estero,AR,2022-01-30 17:17:06,-27.7951,-64.2615,93.61,23,0,6.26
494,Severo-Yeniseyskiy,RU,2022-01-30 17:17:06,60.3725,93.0408,-14.17,100,87,3.65
495,Awjilah,LY,2022-01-30 17:17:07,29.1081,21.2869,56.39,52,84,19.48
496,Necochea,AR,2022-01-30 17:17:07,-38.5473,-58.7368,76.03,41,88,19.57
497,Sand Springs,US,2022-01-30 17:14:01,36.1398,-96.1089,53.56,36,0,6.91
498,Waddan,LY,2022-01-30 17:17:08,29.1614,16.139,51.71,48,24,8.25
499,Amahai,ID,2022-01-30 17:17:08,-3.3333,128.9167,78.85,83,100,8.39
500,Dalvik,IS,2022-01-30 17:17:09,65.9702,-18.5286,28.33,79,94,25.05
501,Yangjiang,CN,2022-01-30 17:17:10,21.85,111.9667,58.05,54,82,6.4
502,San Martin,AR,2022-01-30 17:17:10,-33.081,-68.4681,90.14,25,0,10.25
503,Gimbi,ET,2022-01-30 17:17:10,9.1667,35.8333,68.76,31,69,3.02
504,Sobolevo,RU,2022-01-30 17:17:11,54.4299,31.8996,32.14,89,100,10.25
505,Ulety,RU,2022-01-30 17:17:11,51.3572,112.4849,-14.08,98,14,3.47
506,Prince Rupert,CA,2022-01-30 17:18:11,54.3161,-130.3201,37.09,93,100,5.75
507,Manitouwadge,CA,2022-01-30 17:18:12,49.1215,-85.8403,3.92,85,99,4.88
508,Artyom,AZ,2022-01-30 17:18:12,40.4723,50.333,46.54,62,100,15.99
509,Havre-Saint-Pierre,CA,2022-01-30 17:18:13,50.2334,-63.5986,10.99,85,100,17.27
510,Acapulco,MX,2022-01-30 17:18:13,16.8634,-99.8901,85.82,54,0,4.61
511,Aktau,KZ,2022-01-30 17:18:13,43.65,51.2,34.38,73,100,8.12
512,Faranah,GN,2022-01-30 17:18:14,10.0404,-10.7434,96.03,9,59,9.28
513,La Orilla,MX,2022-01-30 17:18:14,17.9833,-102.2333,82.24,51,3,4.79
514,Samarai,PG,2022-01-30 17:18:15,-10.6167,150.6667,80.55,80,100,10.76
515,Dakar,SN,2022-01-30 17:18:15,14.6937,-17.4441,74.28,73,0,18.41
516,Taoudenni,ML,2022-01-30 17:18:15,22.6783,-3.9836,83.98,11,98,16.87
517,Yubari,JP,2022-01-30 17:18:16,43.0378,141.9578,9.32,95,100,2.15
518,Jaffrey,US,2022-01-30 17:18:16,42.814,-72.0231,19.22,45,0,9.22
519,Honningsvag,NO,2022-01-30 17:18:16,70.9821,25.9704,29.95,69,75,20.71
520,Beidao,CN,2022-01-30 17:18:17,34.5686,105.8933,13.24,90,57,1.45
521,Praia Da Vitoria,PT,2022-01-30 17:18:17,38.7333,-27.0667,61.75,77,75,22.19
522,Batemans Bay,AU,2022-01-30 17:13:32,-35.7167,150.1833,73.2,95,73,2.39
523,Lasem,ID,2022-01-30 17:18:18,-6.6922,111.4527,77.68,89,100,6.11
524,Moose Factory,CA,2022-01-30 17:18:18,51.2585,-80.6094,-4.0,77,0,9.22
525,Marijampole,LT,2022-01-30 17:18:19,54.5667,23.35,32.07,93,100,26.26
526,Aketi,CD,2022-01-30 17:18:19,2.7388,23.7833,81.01,26,57,1.5
527,Clyde River,CA,2022-01-30 17:18:19,70.4692,-68.5914,-14.57,64,75,6.91
528,Cayenne,GF,2022-01-30 17:14:50,4.9333,-52.3333,80.64,84,75,4.0
529,Isla Mujeres,MX,2022-01-30 17:18:20,21.2311,-86.731,73.45,58,51,12.03
530,Plouzane,FR,2022-01-30 17:14:41,48.3833,-4.6167,50.32,87,100,6.91
531,Atasu,KZ,2022-01-30 17:18:20,48.6814,71.6433,12.24,96,99,9.42
532,Tvoroyri,FO,2022-01-30 17:18:21,61.5556,-6.8111,34.99,96,100,11.12
533,Quixeramobim,BR,2022-01-30 17:18:21,-5.1992,-39.2928,90.36,38,77,7.92
534,Derzhavinsk,KZ,2022-01-30 17:18:22,51.1,66.3167,13.59,95,88,15.5
535,Noyon,FR,2022-01-30 17:18:22,49.5833,3.0,43.59,80,19,3.49
536,Shenjiamen,CN,2022-01-30 17:18:22,29.9576,122.298,41.18,68,27,13.85
537,Muli,MV,2022-01-30 17:18:23,2.9167,73.5667,82.36,76,96,12.82
538,Carmo Do Rio Claro,BR,2022-01-30 17:18:23,-20.9719,-46.1189,74.8,81,100,5.95
539,Capitan Bado,PY,2022-01-30 17:18:24,-23.2667,-55.5333,90.37,36,30,1.07
540,Karratha,AU,2022-01-30 17:14:45,-20.7377,116.8463,84.29,59,50,22.39
541,Dzaoudzi,YT,2022-01-30 17:18:24,-12.7887,45.2699,82.29,74,0,5.75
542,Clarence Town,AU,2022-01-30 17:18:24,-32.5833,151.7833,72.86,83,82,1.5
543,Bonavista,CA,2022-01-30 17:18:25,48.6499,-53.1147,48.11,83,100,34.81
544,Novyy Nekouz,RU,2022-01-30 17:18:25,57.9029,38.07,18.54,94,100,11.07
545,Olafsvik,IS,2022-01-30 17:18:26,64.8945,-23.7142,28.29,62,100,38.97
546,Kupang,ID,2022-01-30 17:18:26,-10.1667,123.5833,81.18,89,75,6.91
547,Cassilandia,BR,2022-01-30 17:18:27,-19.1133,-51.7342,73.83,86,100,10.89
548,Katherine,AU,2022-01-30 17:18:27,-14.4667,132.2667,79.12,83,100,9.22
549,Tabory,RU,2022-01-30 17:18:28,58.5198,64.5495,5.9,99,100,0.92
550,Vila Franca Do Campo,PT,2022-01-30 17:18:28,37.7167,-25.4333,57.61,80,80,13.69
551,Nampula,MZ,2022-01-30 17:18:28,-15.1165,39.2666,71.82,92,39,4.97
552,Banjar,ID,2022-01-30 17:18:29,-8.19,114.9675,82.26,92,100,4.18
553,Sorong,ID,2022-01-30 17:19:29,-0.8833,131.25,81.39,77,100,10.67
554,Kharp,RU,2022-01-30 17:19:29,66.8014,65.8081,-7.92,98,100,1.72
555,Tabuk,PH,2022-01-30 17:19:30,17.4189,121.4443,70.14,89,98,7.72
556,Sao Borja,BR,2022-01-30 17:19:30,-28.6606,-56.0044,93.94,21,0,4.54
557,Shestakovo,RU,2022-01-30 17:19:30,56.4915,103.96,0.75,99,100,2.86
558,Penuelas,PR,2022-01-30 17:19:31,18.0564,-66.7216,84.92,67,0,5.99
559,Guangyuan,CN,2022-01-30 17:19:31,32.442,105.823,39.54,71,100,5.01
560,Casa Grande,US,2022-01-30 17:16:00,32.8795,-111.7573,65.8,27,0,3.0
561,Alyangula,AU,2022-01-30 17:19:32,-13.8483,136.4192,80.49,82,100,17.56
562,Tazovskiy,RU,2022-01-30 17:19:32,67.4667,78.7,-12.28,99,99,8.08
563,Panzhihua,CN,2022-01-30 17:19:33,26.5851,101.7128,47.91,55,8,1.39
564,Tuy Hoa,VN,2022-01-30 17:19:33,13.0833,109.3,73.27,90,57,3.58
565,Ambon,ID,2022-01-30 17:19:33,-3.6954,128.1814,80.74,78,40,4.61
566,Charters Towers,AU,2022-01-30 17:19:34,-20.1,146.2667,73.99,81,4,5.26
567,Galveston,US,2022-01-30 17:15:32,29.3669,-94.9669,65.21,53,0,4.0
