City_ID,City,Lat,Lng,Max Temp,Humidity,Cloudiness,Wind Speed,City Description,Country,Date
0,Jamestown,42.097,-79.2353,23.09,69,100,5.01,snow,US,2022-02-04 03:07:54
1,Bambous Virieux,-20.3428,57.7575,80.22,88,99,21.5,light rain,MU,2022-02-04 03:13:39
2,Espinosa,-14.9261,-42.8192,70.3,87,43,3.58,scattered clouds,BR,2022-02-04 03:13:40
3,Cherskiy,68.75,161.3,-28.86,99,16,3.36,few clouds,RU,2022-02-04 03:10:08
4,Udachnyy,66.4167,112.4,-22.68,99,98,2.51,overcast clouds,RU,2022-02-04 03:12:25
5,Atuona,-9.8,-139.0333,79.0,72,4,17.02,clear sky,PF,2022-02-04 03:13:41
6,Punta Arenas,-53.15,-70.9167,42.91,61,75,10.36,broken clouds,CL,2022-02-04 03:12:14
7,Mataura,-46.1927,168.8643,52.48,99,100,2.84,light rain,NZ,2022-02-04 03:12:57
8,Busselton,-33.65,115.3333,98.04,33,57,15.95,broken clouds,AU,2022-02-04 03:12:55
9,Ribeira Grande,38.5167,-28.7,58.6,75,100,17.43,overcast clouds,PT,2022-02-04 03:12:51
10,Coari,-4.085,-63.1414,73.98,98,100,1.52,overcast clouds,BR,2022-02-04 03:13:42
11,Saskylakh,71.9167,114.0833,-15.02,97,100,1.81,overcast clouds,RU,2022-02-04 03:13:42
12,Lata,40.1629,-8.3327,48.07,96,99,0.54,overcast clouds,PT,2022-02-04 03:10:22
13,Monrovia,6.3005,-10.7969,77.68,86,10,2.44,clear sky,LR,2022-02-04 03:10:01
14,Guaymas,27.9333,-110.9,50.45,31,0,11.97,clear sky,MX,2022-02-04 03:13:43
15,Saint-Philippe,-21.3585,55.7679,80.15,92,100,32.41,moderate rain,RE,2022-02-04 03:09:28
16,Port Blair,11.6667,92.75,78.84,78,40,10.36,mist,IN,2022-02-04 03:13:44
17,Kirakira,-10.4544,161.9205,81.3,82,100,11.05,moderate rain,SB,2022-02-04 03:13:44
18,Luderitz,-26.6481,15.1594,68.16,70,1,15.68,clear sky,NA,2022-02-04 03:10:49
19,Bluff,-46.6,168.3333,52.81,84,100,3.29,light rain,NZ,2022-02-04 03:10:40
20,Albany,42.6001,-73.9662,38.19,91,100,1.99,snow,US,2022-02-04 03:11:20
21,Payo,-3.7508,103.6372,80.47,84,79,2.82,broken clouds,ID,2022-02-04 03:13:45
22,Tiksi,71.6872,128.8694,-11.69,100,100,7.02,overcast clouds,RU,2022-02-04 03:13:46
23,Sao Filipe,14.8961,-24.4956,72.52,77,0,8.75,clear sky,CV,2022-02-04 03:12:53
24,La Ronge,55.1001,-105.2842,-17.28,97,54,7.31,broken clouds,CA,2022-02-04 03:13:46
25,Nanortalik,60.1432,-45.2371,26.46,95,100,12.82,snow,GL,2022-02-04 03:13:33
26,Thompson,55.7435,-97.8558,-20.18,96,18,6.02,few clouds,CA,2022-02-04 03:13:47
27,Manado,1.487,124.8455,83.17,83,40,6.91,scattered clouds,ID,2022-02-04 03:13:47
28,Rio Grande,-32.035,-52.0986,70.95,86,100,10.0,light rain,BR,2022-02-04 03:10:38
29,Vaini,-21.2,-175.2,86.16,79,75,10.36,broken clouds,TO,2022-02-04 03:13:48
30,Cidreira,-30.1811,-50.2056,75.7,89,84,22.15,broken clouds,BR,2022-02-04 03:09:33
31,Roald,62.5833,6.1333,40.12,87,100,16.11,light rain,NO,2022-02-04 03:11:29
32,Ushuaia,-54.8,-68.3,42.46,70,75,18.41,broken clouds,AR,2022-02-04 03:12:54
33,Senanga,-16.1167,23.2667,65.39,95,97,2.48,light rain,ZM,2022-02-04 03:13:49
34,Talnakh,69.4865,88.3972,-13.94,99,80,7.09,broken clouds,RU,2022-02-04 03:12:00
35,Sanming,26.2486,117.6186,45.09,91,100,3.47,overcast clouds,CN,2022-02-04 03:13:49
36,Saint George,37.1041,-113.5841,40.42,31,0,5.01,clear sky,US,2022-02-04 03:13:50
37,Tocopilla,-22.092,-70.1979,68.99,75,14,8.21,few clouds,CL,2022-02-04 03:13:50
38,Barcelos,41.5388,-8.6151,51.94,74,100,3.0,overcast clouds,PT,2022-02-04 03:13:50
39,Chokurdakh,70.6333,147.9167,-27.18,100,67,0.94,broken clouds,RU,2022-02-04 03:13:51
40,Kodiak,57.79,-152.4072,38.71,81,100,14.97,haze,US,2022-02-04 03:09:43
41,Mahebourg,-20.4081,57.7,80.26,88,99,21.43,light rain,MU,2022-02-04 03:13:51
42,Lebu,-37.6167,-73.65,59.52,92,13,13.76,few clouds,CL,2022-02-04 03:13:51
43,Dikson,73.5069,80.5464,-7.19,94,100,5.55,overcast clouds,RU,2022-02-04 03:13:52
44,Victoria,22.2855,114.1577,61.18,77,67,1.99,broken clouds,HK,2022-02-04 03:10:36
45,Geraldton,-28.7667,114.6,108.01,9,0,10.36,clear sky,AU,2022-02-04 03:14:52
46,Preobrazheniye,42.9019,133.9064,16.23,44,2,9.08,clear sky,RU,2022-02-04 03:14:53
47,East London,-33.0153,27.9116,69.28,80,100,15.37,light rain,ZA,2022-02-04 03:12:30
48,Deniliquin,-35.5333,144.9667,75.99,22,0,9.6,clear sky,AU,2022-02-04 03:14:53
49,Korla,41.7597,86.1469,26.19,44,100,7.56,overcast clouds,CN,2022-02-04 03:12:37
50,Esperance,-33.8667,121.9,79.16,46,2,9.04,clear sky,AU,2022-02-04 03:14:54
51,Butaritari,3.0707,172.7902,81.9,76,17,14.52,light rain,KI,2022-02-04 03:14:54
52,Cabo San Lucas,22.8909,-109.9124,67.51,58,20,8.05,few clouds,MX,2022-02-04 03:14:32
53,Hilo,19.7297,-155.09,74.93,80,100,9.22,overcast clouds,US,2022-02-04 03:11:50
54,Camapua,-19.5314,-54.0439,73.63,93,100,3.2,light rain,BR,2022-02-04 03:14:55
55,Ponta Delgada,37.7333,-25.6667,59.72,72,20,14.97,few clouds,PT,2022-02-04 03:14:55
56,Jalu,29.0331,21.5482,49.5,62,6,11.99,clear sky,LY,2022-02-04 03:14:55
57,Berlevag,70.8578,29.0864,20.98,81,98,13.56,overcast clouds,NO,2022-02-04 03:14:56
58,Cape Town,-33.9258,18.4232,62.28,72,22,4.0,few clouds,ZA,2022-02-04 03:13:13
59,Saldanha,-33.0117,17.9442,61.16,81,0,18.92,clear sky,ZA,2022-02-04 03:12:49
60,New Norfolk,-42.7826,147.0587,71.65,34,3,4.0,clear sky,AU,2022-02-04 03:12:49
61,Kalmunai,7.4167,81.8167,77.11,76,6,3.31,clear sky,LK,2022-02-04 03:14:56
62,Tasiilaq,65.6145,-37.6368,12.36,60,85,6.13,overcast clouds,GL,2022-02-04 03:14:57
63,Upernavik,72.7868,-56.1549,4.57,67,100,6.62,overcast clouds,GL,2022-02-04 03:14:57
64,Hithadhoo,-0.6,73.0833,81.64,74,100,10.09,overcast clouds,MV,2022-02-04 03:14:57
65,Merauke,-8.4667,140.3333,85.24,71,100,11.54,overcast clouds,ID,2022-02-04 03:14:58
66,Yangambi,0.8102,24.4336,68.76,91,99,2.48,overcast clouds,CD,2022-02-04 03:14:58
67,Bukachacha,52.9833,116.9167,-0.76,72,14,3.65,few clouds,RU,2022-02-04 03:14:59
68,Port Lincoln,-34.7333,135.8667,67.89,57,32,14.76,scattered clouds,AU,2022-02-04 03:14:59
69,Sitka,57.0531,-135.33,46.29,81,100,24.16,moderate rain,US,2022-02-04 03:14:59
70,Winnemucca,40.973,-117.7357,33.85,51,0,12.66,clear sky,US,2022-02-04 03:15:00
71,Vao,-22.6667,167.4833,75.15,92,100,5.59,light rain,NC,2022-02-04 03:15:00
72,Port Alfred,-33.5906,26.891,69.89,74,97,15.95,overcast clouds,ZA,2022-02-04 03:12:52
73,Vestmannaeyjar,63.4427,-20.2734,27.77,68,27,34.09,scattered clouds,IS,2022-02-04 03:12:10
74,Grand Gaube,-20.0064,57.6608,80.38,84,100,11.99,overcast clouds,MU,2022-02-04 03:11:19
75,Pevek,69.7008,170.3133,-19.21,100,25,3.58,scattered clouds,RU,2022-02-04 03:15:01
76,Hobart,-42.8794,147.3294,72.01,47,11,1.99,few clouds,AU,2022-02-04 03:08:36
77,Kodinsk,58.6881,99.1844,10.24,95,100,4.88,light snow,RU,2022-02-04 03:15:01
78,Puerto Ayora,-0.7393,-90.3518,75.54,93,7,3.0,clear sky,EC,2022-02-04 03:12:56
79,Bredasdorp,-34.5322,20.0403,58.32,77,100,3.44,overcast clouds,ZA,2022-02-04 03:15:01
80,Gizo,-8.103,156.8419,81.79,77,100,11.23,overcast clouds,SB,2022-02-04 03:15:02
81,Hermanus,-34.4187,19.2345,60.91,72,100,9.33,overcast clouds,ZA,2022-02-04 03:15:02
82,Manokwari,-0.8667,134.0833,81.25,76,97,4.52,light rain,ID,2022-02-04 03:15:03
83,Coquimbo,-29.9533,-71.3436,64.13,82,20,3.44,few clouds,CL,2022-02-04 03:13:16
84,Arraial Do Cabo,-22.9661,-42.0278,75.38,91,100,9.24,overcast clouds,BR,2022-02-04 03:12:50
85,Constitucion,-35.3333,-72.4167,58.37,92,47,9.19,scattered clouds,CL,2022-02-04 03:10:17
86,Yellowknife,62.456,-114.3525,-28.44,73,33,5.01,scattered clouds,CA,2022-02-04 03:09:54
87,Morros,-9.4467,-46.3003,74.59,69,49,2.19,scattered clouds,BR,2022-02-04 03:15:03
88,Pangnirtung,66.1451,-65.7125,-13.88,99,100,4.03,light snow,CA,2022-02-04 03:15:04
89,Khatanga,71.9667,102.5,-32.01,100,90,4.41,overcast clouds,RU,2022-02-04 03:15:04
90,Kapaa,22.0752,-159.319,76.12,66,0,1.01,clear sky,US,2022-02-04 03:11:52
91,Castro,-24.7911,-50.0119,64.47,98,100,5.01,overcast clouds,BR,2022-02-04 03:16:05
92,San Cristobal,7.7669,-72.225,73.58,65,84,1.07,broken clouds,VE,2022-02-04 03:16:05
93,Mandera,3.9366,41.867,76.01,37,84,6.33,broken clouds,KE,2022-02-04 03:16:05
94,Magdagachi,53.45,125.8,2.41,56,70,8.88,broken clouds,RU,2022-02-04 03:16:06
95,Naryan-Mar,67.6713,53.087,3.87,97,100,3.51,overcast clouds,RU,2022-02-04 03:16:06
96,Port Hedland,-20.3167,118.5667,93.25,46,84,14.97,broken clouds,AU,2022-02-04 03:12:23
97,Kysyl-Syr,63.8986,122.7617,-19.93,98,65,3.98,broken clouds,RU,2022-02-04 03:16:06
98,Tautira,-17.7333,-149.15,87.82,77,44,15.17,light rain,PF,2022-02-04 03:16:07
99,Indiana,40.0003,-86.2503,21.58,90,100,16.11,snow,US,2022-02-04 03:12:54
100,Roma,43.2128,-75.4557,29.95,92,100,4.61,snow,US,2022-02-04 03:12:37
101,Soyo,-6.1349,12.3689,77.02,75,95,3.36,overcast clouds,AO,2022-02-04 03:16:08
102,Olafsvik,64.8945,-23.7142,27.7,74,96,28.03,overcast clouds,IS,2022-02-04 03:15:40
103,Gushikawa,26.3544,127.8686,62.19,90,75,14.97,broken clouds,JP,2022-02-04 03:11:13
104,Bilma,18.6853,12.9164,51.42,32,0,12.08,clear sky,NE,2022-02-04 03:16:08
105,Katsuura,35.1333,140.3,42.91,71,100,10.6,overcast clouds,JP,2022-02-04 03:15:54
106,Gerash,27.6652,54.1371,39.34,36,0,1.28,clear sky,IR,2022-02-04 03:16:09
107,Charters Towers,-20.1,146.2667,77.86,69,100,13.78,overcast clouds,AU,2022-02-04 03:16:09
108,Hofn,64.2539,-15.2082,28.96,57,100,20.58,overcast clouds,IS,2022-02-04 03:16:10
109,Longyearbyen,78.2186,15.6401,15.64,73,75,6.91,broken clouds,SJ,2022-02-04 03:13:37
110,Rikitea,-23.1203,-134.9692,78.08,74,100,18.41,overcast clouds,PF,2022-02-04 03:10:00
111,Bubaque,11.2833,-15.8333,77.11,71,0,7.07,clear sky,GW,2022-02-04 03:12:14
112,Jaca,42.569,-0.5499,32.2,64,92,3.65,overcast clouds,ES,2022-02-04 03:16:10
113,Matara,5.9485,80.5353,78.44,72,5,4.18,clear sky,LK,2022-02-04 03:16:11
114,Naze,28.3667,129.4833,54.52,74,100,16.96,overcast clouds,JP,2022-02-04 03:16:11
115,Souillac,-20.5167,57.5167,80.37,87,100,17.09,light rain,MU,2022-02-04 03:14:04
116,Fairbanks,64.8378,-147.7164,0.48,53,0,8.05,clear sky,US,2022-02-04 03:16:11
117,Ponta Do Sol,32.6667,-17.1,67.01,67,25,4.09,scattered clouds,PT,2022-02-04 03:16:12
118,Port Elizabeth,-33.918,25.5701,67.1,77,0,12.66,clear sky,ZA,2022-02-04 03:16:12
119,Wanning,18.8003,110.3967,65.91,86,100,11.18,overcast clouds,CN,2022-02-04 03:16:12
120,Channel-Port Aux Basques,47.5702,-59.1367,31.62,98,100,10.54,light snow,CA,2022-02-04 03:16:13
121,Tual,-5.6667,132.75,83.71,72,84,14.52,broken clouds,ID,2022-02-04 03:16:13
122,Qaanaaq,77.484,-69.3632,-13.45,56,99,8.46,overcast clouds,GL,2022-02-04 03:16:13
123,Weihe,32.9952,105.3247,38.23,53,31,2.95,scattered clouds,CN,2022-02-04 03:16:14
124,Lahaina,20.8783,-156.6825,81.64,76,7,6.38,clear sky,US,2022-02-04 03:16:14
125,Tete,-16.1564,33.5867,77.09,100,20,0.0,few clouds,MZ,2022-02-04 03:16:15
126,Barrow,71.2906,-156.7887,-25.58,68,100,0.0,haze,US,2022-02-04 03:12:47
127,Ixtapa,20.7,-105.2,70.83,78,20,0.0,few clouds,MX,2022-02-04 03:16:15
128,Mount Gambier,-37.8333,140.7667,71.89,44,7,12.06,clear sky,AU,2022-02-04 03:14:09
129,Den Helder,52.9599,4.7593,48.18,89,100,15.99,overcast clouds,NL,2022-02-04 03:16:16
130,Ancud,-41.8697,-73.8203,60.22,96,37,3.09,scattered clouds,CL,2022-02-04 03:13:45
131,Touros,-5.1989,-35.4608,79.7,75,58,13.24,broken clouds,BR,2022-02-04 03:16:16
132,Tuktoyaktuk,69.4541,-133.0374,-23.24,100,100,8.86,overcast clouds,CA,2022-02-04 03:12:43
133,Tacuati,-23.45,-56.5833,73.04,98,95,3.87,moderate rain,PY,2022-02-04 03:16:17
134,Provideniya,64.3833,-173.3,2.77,58,8,23.31,clear sky,RU,2022-02-04 03:16:17
135,Shingu,33.7333,135.9833,49.19,32,60,3.56,broken clouds,JP,2022-02-04 03:16:17
136,Erzin,36.9559,36.2,45.32,85,100,8.01,overcast clouds,TR,2022-02-04 03:16:18
137,Ambo,-10.1308,-76.2047,59.11,94,98,2.24,overcast clouds,PE,2022-02-04 03:17:18
138,Port Augusta,-32.5,137.7667,83.71,29,0,11.18,clear sky,AU,2022-02-04 03:17:18
139,Alekseyevsk,57.8406,108.3492,10.06,94,100,8.59,light snow,RU,2022-02-04 03:17:19
140,Yaan,7.3833,8.5667,76.42,13,10,8.9,clear sky,NG,2022-02-04 03:17:19
141,Ekhabi,53.5102,142.9671,4.32,92,100,22.82,overcast clouds,RU,2022-02-04 03:17:20
142,Nueva Loja,0.0847,-76.8828,74.89,80,59,1.97,broken clouds,EC,2022-02-04 03:17:20
143,Kshenskiy,51.8408,37.7136,22.71,97,100,5.77,light snow,RU,2022-02-04 03:17:20
144,Hasaki,35.7333,140.8333,48.29,57,100,8.55,overcast clouds,JP,2022-02-04 03:17:21
145,Mar Del Plata,-38.0023,-57.5575,69.1,94,100,0.0,fog,AR,2022-02-04 03:17:21
146,Taut,46.2833,21.9167,27.95,88,99,4.99,overcast clouds,RO,2022-02-04 03:17:21
147,Tirumullaivasal,11.2333,79.8333,75.47,70,4,3.29,clear sky,IN,2022-02-04 03:17:22
148,Avarua,-21.2078,-159.775,82.45,78,75,16.11,broken clouds,CK,2022-02-04 03:16:42
149,Punta De Bombon,-17.1717,-71.7931,70.57,79,100,5.84,overcast clouds,PE,2022-02-04 03:16:10
150,Chipinge,-20.1883,32.6236,65.88,76,15,2.39,few clouds,ZW,2022-02-04 03:17:23
151,Narsaq,60.9167,-46.05,25.02,96,100,7.7,snow,GL,2022-02-04 03:12:57
152,Lukulu,-14.3707,23.242,65.23,98,100,5.97,light rain,ZM,2022-02-04 03:17:23
153,Carnarvon,-24.8667,113.6333,96.87,36,21,9.22,few clouds,AU,2022-02-04 03:17:23
154,Airai,-8.9266,125.4092,73.17,63,74,4.68,broken clouds,TL,2022-02-04 03:15:08
155,Kemijarvi,66.7131,27.4306,0.64,100,85,3.36,overcast clouds,FI,2022-02-04 03:17:24
156,Alofi,-19.0595,-169.9187,75.09,94,100,5.75,light intensity shower rain,NU,2022-02-04 03:17:24
157,Sechura,-5.5569,-80.8222,71.8,79,68,11.86,broken clouds,PE,2022-02-04 03:17:25
158,Coihaique,-45.5752,-72.0662,56.01,76,20,3.44,few clouds,CL,2022-02-04 03:17:25
159,Pokhara,28.2333,83.9833,49.35,94,100,3.29,light rain,NP,2022-02-04 03:17:26
160,Nioro,13.35,-15.75,73.94,25,0,3.11,clear sky,GM,2022-02-04 03:17:26
161,Winneba,5.3511,-0.6231,82.87,84,20,3.98,few clouds,GH,2022-02-04 03:17:26
162,Pauini,-7.7136,-66.9764,72.82,98,91,1.54,overcast clouds,BR,2022-02-04 03:17:27
163,Sao Cristovao,-11.0147,-37.2064,80.51,78,20,9.22,few clouds,BR,2022-02-04 03:17:27
164,San Luis,-33.295,-66.3356,64.56,80,70,16.89,broken clouds,AR,2022-02-04 03:17:27
165,Nikolskoye,59.7035,30.7861,-0.09,100,100,2.77,overcast clouds,RU,2022-02-04 03:17:28
166,Noumea,-22.2763,166.4572,87.78,80,96,7.2,light rain,NC,2022-02-04 03:13:27
167,Formosa Do Rio Preto,-11.0483,-45.1931,72.1,79,10,1.1,clear sky,BR,2022-02-04 03:17:29
168,Napier,-39.4833,176.9167,83.25,62,0,13.09,clear sky,NZ,2022-02-04 03:17:29
169,Saint-Augustin,51.226,-58.6502,7.79,74,100,15.23,overcast clouds,CA,2022-02-04 03:17:29
170,Rio Gallegos,-51.6226,-69.2181,46.45,61,75,10.36,broken clouds,AR,2022-02-04 03:17:30
171,Sabaudia,41.3003,13.0282,51.93,71,100,10.02,overcast clouds,IT,2022-02-04 03:17:30
172,Kruisfontein,-34.0033,24.7314,63.88,75,74,9.53,broken clouds,ZA,2022-02-04 03:14:25
173,Bethel,41.3712,-73.414,48.94,93,100,6.91,light rain,US,2022-02-04 03:15:19
174,Qaqortoq,60.7167,-46.0333,25.3,96,100,12.44,snow,GL,2022-02-04 03:15:36
175,Japura,-0.3167,102.35,82.47,74,92,3.53,overcast clouds,ID,2022-02-04 03:17:31
176,Mackay,-21.15,149.2,81.68,77,100,15.26,overcast clouds,AU,2022-02-04 03:17:31
177,Husavik,66.0449,-17.3389,22.91,90,100,13.65,snow,IS,2022-02-04 03:17:31
178,Sao Joao Da Barra,-21.6403,-41.0511,73.47,97,98,5.75,overcast clouds,BR,2022-02-04 03:15:44
179,Dicabisagan,17.0818,122.4157,78.21,76,90,6.08,overcast clouds,PH,2022-02-04 03:17:32
180,Saint-Francois,46.4154,3.9054,40.44,88,100,4.61,overcast clouds,FR,2022-02-04 03:17:32
181,Shenjiamen,29.9576,122.298,44.8,63,100,14.61,overcast clouds,CN,2022-02-04 03:18:33
182,Armilla,37.141,-3.6185,54.14,86,0,0.0,clear sky,ES,2022-02-04 03:18:33
183,Kurmanayevka,52.5093,52.0675,28.89,93,100,11.81,overcast clouds,RU,2022-02-04 03:18:34
184,Belyy Yar,53.6039,91.3903,-16.71,83,40,0.0,mist,RU,2022-02-04 03:18:34
185,Clyde River,70.4692,-68.5914,-7.37,84,100,33.38,heavy snow,CA,2022-02-04 03:18:34
186,Leningradskiy,69.3833,178.4167,-9.36,82,2,7.96,clear sky,RU,2022-02-04 03:12:49
187,Aasiaat,68.7098,-52.8699,13.1,82,100,28.14,overcast clouds,GL,2022-02-04 03:18:35
188,Taunggyi,20.7833,97.0333,64.36,35,3,0.63,clear sky,MM,2022-02-04 03:18:35
189,Severo-Kurilsk,50.6789,156.125,31.12,90,100,10.83,light snow,RU,2022-02-04 03:12:48
190,Burnie,-41.0667,145.9167,65.95,58,2,9.42,clear sky,AU,2022-02-04 03:18:36
191,Fort Nelson,58.8053,-122.7002,-11.61,77,100,4.61,light snow,CA,2022-02-04 03:18:36
192,Ranong,9.9658,98.6348,87.73,60,21,8.21,few clouds,TH,2022-02-04 03:18:36
193,Kaitangata,-46.2817,169.8464,49.05,96,100,2.73,light rain,NZ,2022-02-04 03:12:56
194,Portland,45.5234,-122.6762,45.84,93,20,1.99,few clouds,US,2022-02-04 03:18:37
195,Nuuk,64.1835,-51.7216,12.81,92,100,4.61,light snow,GL,2022-02-04 03:18:38
196,Kirillov,59.863,38.3813,-7.91,100,100,1.32,overcast clouds,RU,2022-02-04 03:18:38
197,Ojinaga,29.5667,-104.4167,34.57,64,75,8.05,broken clouds,MX,2022-02-04 03:18:39
198,Faya,18.3851,42.4509,51.91,55,7,2.91,clear sky,SA,2022-02-04 03:18:39
199,Mareeba,-17.0,145.4333,83.12,82,100,4.36,overcast clouds,AU,2022-02-04 03:18:39
200,Sinnamary,5.3833,-52.95,76.42,89,99,10.36,moderate rain,GF,2022-02-04 03:12:52
201,Puerto Baquerizo Moreno,-0.9,-89.6,74.84,84,6,8.14,clear sky,EC,2022-02-04 03:18:40
202,Esso,55.9333,158.7,18.23,87,100,1.34,overcast clouds,RU,2022-02-04 03:18:40
203,Port Hardy,50.6996,-127.4199,45.75,93,75,13.8,broken clouds,CA,2022-02-04 03:18:40
204,Ugoofaaru,5.6667,73.0,80.76,74,52,8.95,broken clouds,MV,2022-02-04 03:18:41
205,Georgetown,5.4112,100.3354,87.73,69,20,3.44,few clouds,MY,2022-02-04 03:14:01
206,Alamosa,37.4695,-105.87,2.66,100,0,5.75,clear sky,US,2022-02-04 03:18:41
207,San Quintin,30.4833,-115.95,56.7,64,0,3.49,clear sky,MX,2022-02-04 03:16:38
208,Dalbandin,28.8947,64.4101,45.46,32,0,4.7,clear sky,PK,2022-02-04 03:18:42
209,Hanzhong,33.0728,107.0303,43.14,55,29,2.84,scattered clouds,CN,2022-02-04 03:18:42
210,Luanda,-8.8368,13.2343,75.16,81,100,7.65,overcast clouds,AO,2022-02-04 03:15:56
211,Qandala,11.472,49.8728,71.69,52,6,3.69,clear sky,SO,2022-02-04 03:18:43
212,Sur,22.5667,59.5289,67.5,48,0,2.93,clear sky,OM,2022-02-04 03:18:43
213,Fukue,32.6881,128.8419,44.96,49,75,11.5,broken clouds,JP,2022-02-04 03:18:43
214,Nelson Bay,-32.7167,152.15,75.96,75,12,21.16,few clouds,AU,2022-02-04 03:18:44
215,Angoram,-4.0625,144.0661,90.12,52,51,5.19,broken clouds,PG,2022-02-04 03:18:44
216,Muros,42.7762,-9.0603,53.24,94,100,5.44,overcast clouds,ES,2022-02-04 03:15:15
217,Broken Hill,-31.95,141.4333,72.82,25,0,18.14,clear sky,AU,2022-02-04 03:18:45
218,La Asuncion,11.0333,-63.8628,78.53,78,1,13.8,clear sky,VE,2022-02-04 03:18:45
219,Aracati,-4.5617,-37.7697,78.75,82,100,8.68,heavy intensity rain,BR,2022-02-04 03:18:46
220,Arrecife,28.963,-13.5477,67.98,73,0,4.61,clear sky,ES,2022-02-04 03:14:12
221,Tazovskiy,67.4667,78.7,0.48,97,99,6.71,overcast clouds,RU,2022-02-04 03:18:47
222,Micheweni,-4.9667,39.8333,80.1,79,98,9.71,overcast clouds,TZ,2022-02-04 03:18:47
223,Umred,20.85,79.3333,64.69,32,4,9.75,clear sky,IN,2022-02-04 03:18:48
224,Itacarambi,-15.1022,-44.0919,73.62,86,85,2.08,overcast clouds,BR,2022-02-04 03:18:48
225,Caravelas,-17.7125,-39.2481,76.33,91,97,4.54,overcast clouds,BR,2022-02-04 03:08:22
226,Novki,56.3608,41.0775,12.38,96,100,4.27,overcast clouds,RU,2022-02-04 03:19:49
227,Boende,-0.2167,20.8667,67.19,93,95,3.0,overcast clouds,CD,2022-02-04 03:19:49
228,Zyryanskoye,56.8306,86.6258,12.29,93,99,9.6,overcast clouds,RU,2022-02-04 03:19:50
229,Lashio,22.9333,97.75,64.26,41,0,1.12,clear sky,MM,2022-02-04 03:19:50
230,Kavaratti,10.5669,72.642,79.2,65,3,8.57,clear sky,IN,2022-02-04 03:19:17
231,Yamunanagar,30.1,77.2833,51.01,96,100,0.65,light rain,IN,2022-02-04 03:19:51
232,College,64.8569,-147.8028,2.86,54,40,9.22,scattered clouds,US,2022-02-04 03:19:52
233,Marsaxlokk,35.8419,14.5431,45.21,87,0,4.61,clear sky,MT,2022-02-04 03:19:52
234,Lensk,60.7253,114.9278,7.34,91,99,6.55,overcast clouds,RU,2022-02-04 03:19:52
235,Altay,47.8667,88.1167,5.97,63,5,6.26,clear sky,CN,2022-02-04 03:15:40
236,Hanting,36.7708,119.2108,34.32,32,51,13.11,broken clouds,CN,2022-02-04 03:19:53
237,Asau,46.4333,26.4,22.28,90,24,6.04,few clouds,RO,2022-02-04 03:19:53
238,Keti Bandar,24.1447,67.4497,69.01,53,0,7.56,clear sky,PK,2022-02-04 03:19:54
239,San Patricio,28.017,-97.5169,35.83,76,94,17.65,overcast clouds,US,2022-02-04 03:16:53
240,Arcata,40.8665,-124.0828,46.92,85,0,4.61,clear sky,US,2022-02-04 03:18:38
241,Dvinskoy,62.1535,45.1175,-8.34,100,99,1.48,overcast clouds,RU,2022-02-04 03:19:54
242,Lagoa,39.05,-27.9833,57.67,75,100,12.33,overcast clouds,PT,2022-02-04 03:19:55
243,Masuguru,-11.3667,38.4167,71.83,98,100,2.33,overcast clouds,TZ,2022-02-04 03:19:55
244,Nouadhibou,20.931,-17.0347,69.78,37,22,9.22,dust,MR,2022-02-04 03:19:56
245,Newport,51.5877,-2.9984,51.35,86,100,25.95,overcast clouds,GB,2022-02-04 03:19:56
246,Ippy,6.2679,21.2247,73.18,22,96,5.61,overcast clouds,CF,2022-02-04 03:19:56
247,Stornoway,58.2093,-6.3865,35.92,81,75,5.99,broken clouds,GB,2022-02-04 03:17:20
248,Staryy Nadym,65.6118,72.6842,5.54,98,97,6.78,overcast clouds,RU,2022-02-04 03:19:57
249,Kavieng,-2.5744,150.7967,83.52,71,82,5.46,broken clouds,PG,2022-02-04 03:16:43
250,Troitsko-Pechorsk,62.7084,56.1964,11.41,96,100,4.63,overcast clouds,RU,2022-02-04 03:19:57
251,Atambua,-9.1061,124.8925,80.29,75,61,7.52,broken clouds,ID,2022-02-04 03:19:58
252,Sinop,41.7711,34.8709,32.4,98,100,8.88,light snow,TR,2022-02-04 03:19:58
253,Saint-Georges,12.0564,-61.7485,76.68,83,20,5.75,few clouds,GD,2022-02-04 03:19:20
254,Lompoc,34.6391,-120.4579,54.12,79,0,0.0,clear sky,US,2022-02-04 03:11:48
255,Kankon,15.0167,74.0167,72.75,80,26,4.54,scattered clouds,IN,2022-02-04 03:19:59
256,Tuatapere,-46.1333,167.6833,52.83,92,100,4.68,overcast clouds,NZ,2022-02-04 03:19:59
257,Suez,29.9737,32.5263,52.0,54,47,18.72,scattered clouds,EG,2022-02-04 03:20:00
258,Cockburn Town,21.4612,-71.1419,75.78,70,1,19.84,clear sky,TC,2022-02-04 03:20:00
259,Norman Wells,65.282,-126.8329,-43.56,66,0,0.0,clear sky,CA,2022-02-04 03:19:55
260,Svetlyy,54.675,20.1347,33.85,98,100,11.14,overcast clouds,RU,2022-02-04 03:20:01
261,Komsomolskiy,40.4272,71.7189,31.42,74,2,2.3,clear sky,UZ,2022-02-04 03:17:01
262,Malakal,9.5334,31.6605,74.41,24,24,5.37,few clouds,SS,2022-02-04 03:20:01
263,Isangel,-19.55,169.2667,86.11,84,100,6.91,moderate rain,VU,2022-02-04 03:19:20
264,Marsh Harbour,26.5412,-77.0636,73.04,64,6,17.96,clear sky,BS,2022-02-04 03:20:02
265,Arlit,18.7369,7.3853,54.3,20,4,6.8,clear sky,NE,2022-02-04 03:20:03
266,At-Bashi,41.1702,75.8106,-3.06,76,35,2.98,scattered clouds,KG,2022-02-04 03:21:03
267,Luba,3.4568,8.5547,80.26,78,90,5.64,light rain,GQ,2022-02-04 03:18:09
268,Khorixas,-20.3667,14.9667,65.52,59,47,6.46,scattered clouds,NA,2022-02-04 03:21:03
269,Bosaso,11.2842,49.1816,70.14,76,5,2.91,clear sky,SO,2022-02-04 03:21:04
270,Pitimbu,-7.4706,-34.8086,79.39,76,97,12.82,overcast clouds,BR,2022-02-04 03:21:04
271,Hami,42.8,93.45,24.12,33,14,1.77,few clouds,CN,2022-02-04 03:21:05
272,Betioky,-23.7167,44.3833,71.47,70,0,5.57,clear sky,MG,2022-02-04 03:21:05
273,Ulladulla,-35.35,150.4667,71.1,70,83,13.06,broken clouds,AU,2022-02-04 03:21:05
274,Olinda,-8.0089,-34.8553,82.13,69,40,8.05,scattered clouds,BR,2022-02-04 03:21:06
275,Canon City,38.441,-105.2424,14.14,82,0,3.0,clear sky,US,2022-02-04 03:21:06
276,Vila Velha,-20.3297,-40.2925,75.15,95,40,6.91,light rain,BR,2022-02-04 03:21:07
277,Huamachuco,-7.8,-78.0667,51.08,89,97,2.26,light rain,PE,2022-02-04 03:21:07
278,Alice Springs,-23.7,133.8833,76.55,33,98,13.8,overcast clouds,AU,2022-02-04 03:16:42
279,Maceio,-9.6658,-35.7353,76.44,88,20,2.3,few clouds,BR,2022-02-04 03:21:08
280,Palasa,18.7667,84.4167,74.48,71,96,8.1,overcast clouds,IN,2022-02-04 03:21:08
281,Little Current,45.9793,-81.9248,1.49,79,100,9.66,overcast clouds,CA,2022-02-04 03:21:08
282,Los Llanos De Aridane,28.6585,-17.9182,61.12,65,0,7.0,clear sky,ES,2022-02-04 03:21:09
283,Egvekinot,66.3167,-179.1667,-7.19,74,1,18.01,clear sky,RU,2022-02-04 03:21:09
284,Nykoping,58.753,17.0079,35.89,100,100,13.8,overcast clouds,SE,2022-02-04 03:21:09
285,Palmer,42.1584,-72.3287,46.65,88,100,3.44,moderate rain,US,2022-02-04 03:21:10
286,Lasa,46.6166,10.7002,31.3,63,35,3.36,scattered clouds,IT,2022-02-04 03:21:10
287,Marsabit,2.3284,37.9899,70.47,39,100,11.41,overcast clouds,KE,2022-02-04 03:21:11
288,Yerbogachen,61.2767,108.0108,7.57,95,100,4.27,overcast clouds,RU,2022-02-04 03:21:11
289,Carahue,-38.7,-73.1667,59.92,91,64,4.76,broken clouds,CL,2022-02-04 03:21:11
290,Gat,31.61,34.7642,53.4,5,9,12.97,clear sky,IL,2022-02-04 03:16:25
291,Port Macquarie,-31.4333,152.9167,75.88,68,49,18.19,scattered clouds,AU,2022-02-04 03:21:12
292,Liepaja,56.5419,21.0367,32.05,93,100,9.22,overcast clouds,LV,2022-02-04 03:21:12
293,Aklavik,68.2191,-135.0107,-24.88,99,15,7.52,few clouds,CA,2022-02-04 03:21:12
294,Sawakin,19.1059,37.3321,75.72,86,100,16.98,overcast clouds,SD,2022-02-04 03:21:13
295,Nongpoh,25.9,91.8833,56.77,56,90,5.99,light rain,IN,2022-02-04 03:21:13
296,Port-Gentil,-0.7193,8.7815,79.63,79,100,6.89,overcast clouds,GA,2022-02-04 03:21:14
297,Hobyo,5.3505,48.5268,74.66,76,56,14.81,broken clouds,SO,2022-02-04 03:21:14
298,Ust-Tsilma,65.441,52.1498,10.02,98,100,3.02,overcast clouds,RU,2022-02-04 03:21:14
299,Zabid,14.1951,43.3152,73.51,65,1,5.79,clear sky,YE,2022-02-04 03:21:15
300,Dunedin,-45.8742,170.5036,50.7,96,100,4.94,overcast clouds,NZ,2022-02-04 03:19:16
301,San Ignacio,17.1561,-89.0714,73.54,94,0,3.44,clear sky,BZ,2022-02-04 03:21:15
302,Calvinia,-31.4707,19.776,61.39,70,0,3.71,clear sky,ZA,2022-02-04 03:21:15
303,Brae,60.3964,-1.353,37.31,53,100,32.77,overcast clouds,GB,2022-02-04 03:21:16
304,Westport,41.1415,-73.3579,50.2,97,100,4.61,moderate rain,US,2022-02-04 03:21:16
305,Samarai,-10.6167,150.6667,83.59,73,91,7.56,overcast clouds,PG,2022-02-04 03:21:17
306,Minbu,20.1833,94.8833,72.7,40,1,9.73,clear sky,MM,2022-02-04 03:21:17
307,Zabaykalsk,49.6333,117.3167,-7.55,86,13,7.92,few clouds,RU,2022-02-04 03:21:17
308,Beringovskiy,63.05,179.3167,0.3,78,100,18.1,overcast clouds,RU,2022-02-04 03:16:28
309,Inta,66.0317,60.1659,14.45,96,100,5.97,overcast clouds,RU,2022-02-04 03:21:18
310,Frontera,26.9333,-101.45,32.32,81,83,3.0,broken clouds,MX,2022-02-04 03:21:18
311,Port-Cartier,50.0334,-66.8654,3.74,77,100,7.31,overcast clouds,CA,2022-02-04 03:21:18
312,Andros Town,24.7,-77.7667,71.56,68,17,19.64,few clouds,BS,2022-02-04 03:17:20
313,Roebourne,-20.7833,117.1333,92.79,42,74,12.24,broken clouds,AU,2022-02-04 03:21:19
314,Chapais,49.7834,-74.8492,-25.22,100,41,2.1,scattered clouds,CA,2022-02-04 03:12:54
315,Dingle,10.9995,122.6711,80.76,79,81,16.53,broken clouds,PH,2022-02-04 03:17:52
316,Vargashi,55.3556,65.8467,21.18,80,100,15.66,overcast clouds,RU,2022-02-04 03:22:20
317,Malibu,34.005,-118.8101,61.36,48,6,1.01,clear sky,US,2022-02-04 03:22:20
318,Denpasar,-8.65,115.2167,76.66,94,75,8.05,broken clouds,ID,2022-02-04 03:22:20
319,Synya,65.3718,58.0387,15.01,96,100,5.35,overcast clouds,RU,2022-02-04 03:22:21
320,Guarapari,-20.6667,-40.4975,75.09,90,100,2.84,overcast clouds,BR,2022-02-04 03:22:21
321,Hervey Bay,-25.2986,152.8535,88.03,64,84,24.18,light rain,AU,2022-02-04 03:22:21
322,Ukiah,39.1502,-123.2078,53.65,76,0,0.0,clear sky,US,2022-02-04 03:22:22
323,Kamensk-Uralskiy,56.4185,61.9329,28.4,96,100,10.71,light snow,RU,2022-02-04 03:22:22
324,Morehead,37.2711,-87.1764,27.0,95,100,3.0,overcast clouds,US,2022-02-04 03:22:23
325,Beyla,8.6833,-8.6333,65.57,15,1,2.77,clear sky,GN,2022-02-04 03:22:23
326,Alvdal,62.1077,10.6307,26.44,95,100,11.39,light snow,NO,2022-02-04 03:22:23
327,Atar,20.5169,-13.0499,65.68,16,0,6.91,clear sky,MR,2022-02-04 03:22:24
328,Thika,-1.0333,37.0693,62.71,73,100,3.91,overcast clouds,KE,2022-02-04 03:22:24
329,Conceicao Do Mato Dentro,-19.0372,-43.425,66.97,96,95,1.5,overcast clouds,BR,2022-02-04 03:22:24
330,Seoul,37.5683,126.9778,31.51,37,0,10.36,clear sky,KR,2022-02-04 03:19:18
331,Belmonte,-15.8631,-38.8828,79.3,81,93,5.28,overcast clouds,BR,2022-02-04 03:22:25
332,Presidencia Roque Saenz Pena,-26.7852,-60.4388,74.25,76,16,6.76,few clouds,AR,2022-02-04 03:22:25
333,Batemans Bay,-35.7167,150.1833,70.99,69,59,11.59,light rain,AU,2022-02-04 03:22:26
334,Ostrovnoy,68.0531,39.5131,12.72,96,100,4.45,overcast clouds,RU,2022-02-04 03:22:26
335,Hailar,49.2,119.7,-9.81,86,20,4.68,few clouds,CN,2022-02-04 03:22:26
336,Henties Bay,-22.116,14.2845,65.86,88,6,5.91,clear sky,NA,2022-02-04 03:22:27
337,Ossora,59.2353,163.0719,13.82,82,100,9.95,overcast clouds,RU,2022-02-04 03:22:27
338,Gobabis,-22.45,18.9667,67.46,47,21,7.61,few clouds,NA,2022-02-04 03:22:27
339,Saint-Leu,-21.15,55.2833,79.63,82,100,10.22,light rain,RE,2022-02-04 03:22:28
340,Le Port,-20.9373,55.2919,80.56,85,100,28.21,moderate rain,RE,2022-02-04 03:22:28
341,Weihai,37.5017,122.1136,28.36,63,98,12.44,overcast clouds,CN,2022-02-04 03:22:29
342,Goderich,43.7501,-81.7165,14.92,73,100,10.36,overcast clouds,CA,2022-02-04 03:22:29
343,Tricase,39.9304,18.3553,38.82,62,59,8.7,broken clouds,IT,2022-02-04 03:22:29
344,Baiyin,36.5583,104.2081,23.88,29,68,2.95,broken clouds,CN,2022-02-04 03:22:30
345,Manggar,-2.8833,108.2667,85.26,63,39,2.24,scattered clouds,ID,2022-02-04 03:22:30
346,Glendive,47.1053,-104.7125,14.63,80,100,12.66,overcast clouds,US,2022-02-04 03:22:30
347,Kahului,20.8947,-156.47,81.66,65,0,17.27,clear sky,US,2022-02-04 03:22:31
348,Santa Cruz,-17.8,-63.1667,74.66,94,40,6.91,scattered clouds,BO,2022-02-04 03:19:05
349,Guerrero Negro,27.9769,-114.0611,59.18,30,0,15.28,clear sky,MX,2022-02-04 03:22:31
350,Wilmington,34.2257,-77.9447,64.94,86,20,10.36,few clouds,US,2022-02-04 03:21:30
351,Buraydah,26.326,43.975,63.37,65,3,9.82,clear sky,SA,2022-02-04 03:12:53
352,Talaya,61.3833,152.75,-12.73,94,44,5.77,scattered clouds,RU,2022-02-04 03:22:29
353,Anloga,5.7947,0.8973,79.02,81,0,6.02,light rain,GH,2022-02-04 03:22:32
354,Lavrentiya,65.5833,-171.0,1.08,56,0,22.12,clear sky,RU,2022-02-04 03:22:32
355,Quimper,48.0,-4.1,50.61,93,100,3.44,overcast clouds,FR,2022-02-04 03:22:33
356,Ilulissat,69.2167,-51.1,23.02,50,100,11.5,overcast clouds,GL,2022-02-04 03:22:33
357,Mayumba,-3.432,10.6554,74.98,89,100,2.93,overcast clouds,GA,2022-02-04 03:22:34
358,Corinto,37.9407,22.9573,43.68,64,15,3.69,few clouds,GR,2022-02-04 03:22:34
359,Coahuayana,18.7333,-103.6833,67.69,79,12,2.8,few clouds,MX,2022-02-04 03:22:34
360,Te Anau,-45.4167,167.7167,48.34,97,100,3.22,moderate rain,NZ,2022-02-04 03:23:35
361,Bonavista,48.6499,-53.1147,38.12,89,100,27.2,overcast clouds,CA,2022-02-04 03:23:35
362,Gidole,5.65,37.3667,58.84,46,96,3.85,overcast clouds,ET,2022-02-04 03:23:35
363,Rio Blanco,18.8333,-97.15,62.55,90,29,0.89,scattered clouds,MX,2022-02-04 03:23:36
364,Talavera De La Reina,39.9635,-4.8308,45.07,86,99,3.42,overcast clouds,ES,2022-02-04 03:23:36
365,Santa Cruz Del Sur,20.7147,-77.9956,75.22,78,24,16.87,few clouds,CU,2022-02-04 03:23:37
366,Sisimiut,66.9395,-53.6735,10.69,76,85,30.44,overcast clouds,GL,2022-02-04 03:23:37
367,Seymchan,62.8833,152.4333,-14.1,89,12,5.12,few clouds,RU,2022-02-04 03:23:37
368,Kenai,60.5544,-151.2583,25.14,93,100,19.57,light snow,US,2022-02-04 03:23:38
369,Jamame,0.0722,42.7506,76.55,86,100,13.04,overcast clouds,SO,2022-02-04 03:23:38
370,Lyuban,52.7985,28.0048,5.18,100,94,1.52,overcast clouds,BY,2022-02-04 03:23:38
371,Sioux Lookout,50.1001,-91.917,-9.02,76,75,2.3,broken clouds,CA,2022-02-04 03:23:39
372,Skibbereen,51.55,-9.2667,42.12,72,100,15.32,overcast clouds,IE,2022-02-04 03:23:39
373,Sydney Mines,46.2367,-60.2177,40.24,95,100,5.01,light rain,CA,2022-02-04 03:23:39
374,Torbay,47.6666,-52.7314,37.76,89,100,24.16,overcast clouds,CA,2022-02-04 03:23:40
375,Sobolevo,54.4299,31.8996,5.0,100,93,6.51,overcast clouds,RU,2022-02-04 03:23:40
376,Ahvaz,31.3203,48.6693,53.55,82,0,4.61,clear sky,IR,2022-02-04 03:23:40
377,Birao,10.2849,22.7882,67.53,23,14,3.04,few clouds,CF,2022-02-04 03:23:41
378,Lunenburg,44.3835,-64.3155,39.52,98,100,3.09,overcast clouds,CA,2022-02-04 03:19:02
379,Banda Aceh,5.5577,95.3222,83.46,67,60,9.93,broken clouds,ID,2022-02-04 03:23:41
380,Pangai,-19.8,-174.35,84.31,70,75,6.91,broken clouds,TO,2022-02-04 03:22:20
381,Vilhena,-12.7406,-60.1458,68.32,99,99,2.93,overcast clouds,BR,2022-02-04 03:23:42
382,Makakilo City,21.3469,-158.0858,79.12,45,0,9.22,clear sky,US,2022-02-04 03:23:42
383,Shu,43.5983,73.7614,30.18,83,5,1.9,clear sky,KZ,2022-02-04 03:23:42
384,Poronaysk,49.2167,143.1167,17.29,73,100,7.9,overcast clouds,RU,2022-02-04 03:23:43
385,Vadlapudi,14.3167,79.8,74.19,74,61,5.21,broken clouds,IN,2022-02-04 03:23:43
386,Mount Pleasant,32.7941,-79.8626,69.01,88,0,1.01,clear sky,US,2022-02-04 03:23:43
387,Hualmay,-11.0964,-77.6139,70.56,82,83,8.48,broken clouds,PE,2022-02-04 03:20:29
388,Merrill,45.1805,-89.6835,-2.43,78,0,0.0,clear sky,US,2022-02-04 03:23:44
389,Srednekolymsk,67.45,153.6833,-28.77,99,43,1.74,scattered clouds,RU,2022-02-04 03:23:44
390,Bossier City,32.516,-93.7321,34.29,84,100,11.5,overcast clouds,US,2022-02-04 03:23:45
391,Sulina,45.1559,29.6536,29.77,70,2,10.42,clear sky,RO,2022-02-04 03:23:45
392,Bandar-E Lengeh,26.5579,54.8807,59.11,77,0,4.61,clear sky,IR,2022-02-04 03:22:52
393,Panzhihua,26.5851,101.7128,55.06,53,4,0.49,clear sky,CN,2022-02-04 03:22:21
394,Rajula,21.05,71.4333,63.99,36,10,4.14,clear sky,IN,2022-02-04 03:23:45
395,Klaksvik,62.2266,-6.589,36.52,81,99,49.82,overcast clouds,FO,2022-02-04 03:23:46
396,Madras,13.0878,80.2785,78.78,85,20,3.44,mist,IN,2022-02-04 03:23:29
397,Ahipara,-35.1667,173.1667,77.23,69,66,14.2,broken clouds,NZ,2022-02-04 03:23:46
398,Aguimes,27.9054,-15.4461,65.03,49,0,8.05,clear sky,ES,2022-02-04 03:23:47
399,Kushiro,42.975,144.3747,29.35,50,20,3.44,few clouds,JP,2022-02-04 03:23:47
400,Tanete,-3.9443,119.7848,87.82,60,75,9.62,broken clouds,ID,2022-02-04 03:23:47
401,Osa,57.2829,55.4567,23.83,97,100,4.12,snow,RU,2022-02-04 03:23:48
402,Parana,-31.732,-60.5238,74.57,91,0,5.12,clear sky,AR,2022-02-04 03:21:01
403,Padang,-0.9492,100.3543,84.25,70,92,2.55,overcast clouds,ID,2022-02-04 03:21:48
404,Ambulu,-8.345,113.6058,84.2,67,97,4.65,overcast clouds,ID,2022-02-04 03:23:48
405,Caconda,-13.7333,15.0667,57.25,85,100,2.62,overcast clouds,AO,2022-02-04 03:23:49
406,Fortuna,40.5982,-124.1573,47.19,90,0,0.0,clear sky,US,2022-02-04 03:21:40
407,Krabi,8.0726,98.9105,86.99,74,40,5.75,scattered clouds,TH,2022-02-04 03:24:49
408,Inhambane,-23.865,35.3833,75.85,87,3,1.77,clear sky,MZ,2022-02-04 03:24:50
409,Shilka,51.85,116.0333,-6.11,82,5,1.05,clear sky,RU,2022-02-04 03:24:50
410,Amalapuram,16.5833,82.0167,75.58,67,18,4.25,few clouds,IN,2022-02-04 03:24:51
411,Homer,59.6425,-151.5483,30.09,86,100,12.66,light snow,US,2022-02-04 03:24:07
412,Kutum,14.2,24.6667,56.25,17,1,13.85,clear sky,SD,2022-02-04 03:24:51
413,Riyadh,24.6877,46.7219,57.34,37,19,4.59,few clouds,SA,2022-02-04 03:24:51
414,Stephenville,32.2207,-98.2023,18.25,86,100,0.0,overcast clouds,US,2022-02-04 03:24:52
415,Jiazi,22.8779,116.067,57.52,69,94,10.74,overcast clouds,CN,2022-02-04 03:24:52
416,Deputatskiy,69.3,139.9,-23.64,98,43,1.34,scattered clouds,RU,2022-02-04 03:24:53
417,Lircay,-12.9896,-74.7205,50.18,89,98,1.34,overcast clouds,PE,2022-02-04 03:24:53
418,Totness,5.8833,-56.3167,77.32,79,35,10.76,scattered clouds,SR,2022-02-04 03:24:53
419,Upington,-28.4478,21.2561,68.38,77,0,3.44,clear sky,ZA,2022-02-04 03:24:54
420,Kukushtan,57.6464,56.4952,20.82,98,100,3.11,overcast clouds,RU,2022-02-04 03:24:54
421,Altea,38.5989,-0.0514,61.63,44,37,1.01,scattered clouds,ES,2022-02-04 03:24:54
422,Hambantota,6.1241,81.1185,80.94,89,20,2.3,few clouds,LK,2022-02-04 03:24:55
423,Songea,-10.6833,35.65,63.16,98,100,2.93,overcast clouds,TZ,2022-02-04 03:24:55
424,Tilichiki,60.4667,166.1,4.28,79,100,9.71,overcast clouds,RU,2022-02-04 03:24:55
425,Paamiut,61.994,-49.6678,23.99,81,100,39.71,snow,GL,2022-02-04 03:22:54
426,Rafai,4.95,23.9167,70.79,35,45,1.57,scattered clouds,CF,2022-02-04 03:24:56
427,Comodoro Rivadavia,-45.8667,-67.5,58.86,100,40,4.61,scattered clouds,AR,2022-02-04 03:24:56
428,Panaba,21.2833,-88.2667,72.46,89,0,8.72,clear sky,MX,2022-02-04 03:21:17
429,Tomatlan,19.9333,-105.25,65.05,81,81,1.79,broken clouds,MX,2022-02-04 03:24:57
430,Boone,39.0334,-92.3335,17.26,84,74,1.99,broken clouds,US,2022-02-04 03:24:13
431,Sorong,-0.8833,131.25,83.95,74,60,9.6,broken clouds,ID,2022-02-04 03:24:03
432,Erenhot,43.6475,111.9767,4.01,76,12,6.35,few clouds,CN,2022-02-04 03:21:36
433,Oranjemund,-28.55,16.4333,63.43,82,3,21.85,clear sky,NA,2022-02-04 03:23:45
434,Santa Lucia,27.9117,-15.5407,60.12,49,0,8.05,clear sky,ES,2022-02-04 03:24:58
435,Juneau,58.3019,-134.4197,28.45,88,100,0.0,snow,US,2022-02-04 03:22:00
436,Oussouye,12.485,-16.5469,68.18,72,0,5.75,clear sky,SN,2022-02-04 03:24:58
437,Gigmoto,13.7796,124.39,78.66,89,100,11.81,moderate rain,PH,2022-02-04 03:24:59
438,Bac Lieu,9.285,105.7244,84.83,61,20,23.91,few clouds,VN,2022-02-04 03:24:59
439,Poum,-20.2333,164.0167,82.42,85,89,14.05,light rain,NC,2022-02-04 03:24:59
440,Colombo,6.9319,79.8478,78.75,67,2,2.95,clear sky,LK,2022-02-04 03:25:00
441,Bombay,19.0144,72.8479,75.09,64,48,4.61,haze,IN,2022-02-04 03:23:32
442,Kashi,39.4547,75.9797,24.01,42,20,11.18,light snow,CN,2022-02-04 03:25:00
443,Malatya,38.5,38.0,30.25,93,75,2.3,light snow,TR,2022-02-04 03:21:29
444,Boyolangu,-8.1181,111.8935,81.57,74,100,1.05,overcast clouds,ID,2022-02-04 03:25:01
445,Laurel,39.0993,-76.8483,59.65,95,75,5.01,broken clouds,US,2022-02-04 03:21:39
446,Trincomalee,8.5711,81.2335,76.23,72,4,3.62,clear sky,LK,2022-02-04 03:25:01
447,Filingue,14.3521,3.3168,61.74,17,0,12.33,clear sky,NE,2022-02-04 03:25:02
448,Aswan,24.0934,32.907,52.5,38,0,8.46,clear sky,EG,2022-02-04 03:25:02
449,Dukat,62.55,155.55,-7.87,73,10,9.31,clear sky,RU,2022-02-04 03:25:02
450,Yumen,40.2833,97.2,17.44,30,86,12.44,overcast clouds,CN,2022-02-04 03:26:03
451,Richards Bay,-28.783,32.0377,75.7,95,94,8.9,moderate rain,ZA,2022-02-04 03:25:22
452,Pando,-34.7167,-55.95,73.49,88,100,0.0,overcast clouds,UY,2022-02-04 03:26:03
453,Remontnoye,46.5614,43.6501,34.21,90,100,5.53,overcast clouds,RU,2022-02-04 03:26:04
454,Lazaro Cardenas,17.9583,-102.2,72.16,75,0,4.32,clear sky,MX,2022-02-04 03:26:04
455,Acapulco,16.8634,-99.8901,78.62,73,0,6.91,clear sky,MX,2022-02-04 03:25:39
456,Miramar,25.9873,-80.2323,75.22,81,40,13.8,scattered clouds,US,2022-02-04 03:26:05
457,Iskateley,67.6803,53.1512,3.92,97,100,3.47,overcast clouds,RU,2022-02-04 03:26:05
458,Bathsheba,13.2167,-59.5167,75.81,73,20,11.5,few clouds,BB,2022-02-04 03:26:06
459,Benguela,-12.5763,13.4055,73.69,77,98,2.62,overcast clouds,AO,2022-02-04 03:26:06
460,Margate,51.3813,1.3862,49.96,84,100,20.8,overcast clouds,GB,2022-02-04 03:25:43
461,Rauma,61.1272,21.5113,10.44,91,96,12.26,overcast clouds,FI,2022-02-04 03:26:06
462,Algiers,36.7525,3.042,44.42,81,0,2.3,clear sky,DZ,2022-02-04 03:26:07
463,Tabou,4.423,-7.3528,77.45,86,10,3.09,light rain,CI,2022-02-04 03:26:07
464,Jam Sahib,26.2958,68.6292,48.22,26,0,0.72,clear sky,PK,2022-02-04 03:26:07
465,Vila Franca Do Campo,37.7167,-25.4333,59.41,82,100,11.43,overcast clouds,PT,2022-02-04 03:23:50
466,Reinosa,42.9996,-4.138,43.21,88,100,2.42,overcast clouds,ES,2022-02-04 03:26:08
467,Point Pedro,9.8167,80.2333,77.04,65,4,2.91,clear sky,LK,2022-02-04 03:26:08
468,Saint Anthony,45.0205,-93.218,1.33,65,0,0.0,clear sky,US,2022-02-04 03:26:09
469,Chernitsyno,51.5074,36.051,23.04,92,98,4.85,overcast clouds,RU,2022-02-04 03:26:09
470,Lakeside,30.13,-81.7682,69.98,77,75,1.01,broken clouds,US,2022-02-04 03:26:09
471,Freeport,40.6576,-73.5832,51.12,86,100,3.0,light rain,US,2022-02-04 03:25:10
472,Bengkulu,-3.8004,102.2655,79.25,80,98,2.98,overcast clouds,ID,2022-02-04 03:26:10
473,Mikhaylovka,50.06,43.2379,34.79,100,100,7.14,light snow,RU,2022-02-04 03:26:10
474,Antofagasta,-23.65,-70.4,65.48,79,6,4.43,clear sky,CL,2022-02-04 03:26:10
475,Codrington,-38.2667,141.9667,67.28,59,77,14.92,broken clouds,AU,2022-02-04 03:21:38
476,Sheregesh,52.9209,87.9869,5.9,98,96,2.39,overcast clouds,RU,2022-02-04 03:26:11
477,Eydhafushi,5.1033,73.0708,80.65,73,44,6.67,scattered clouds,MV,2022-02-04 03:26:11
478,Never,46.9896,3.159,40.75,94,100,5.37,overcast clouds,FR,2022-02-04 03:26:12
479,Ashqelon,31.6693,34.5715,54.41,63,7,20.54,clear sky,IL,2022-02-04 03:26:12
480,Luena,-11.7833,19.9167,61.47,99,100,3.42,overcast clouds,AO,2022-02-04 03:26:12
481,Manta,-0.95,-80.7333,76.78,83,40,1.14,scattered clouds,EC,2022-02-04 03:26:13
482,Christchurch,-43.5333,172.6333,64.9,86,75,1.99,light rain,NZ,2022-02-04 03:26:13
483,Bayir,37.2687,28.2167,41.52,93,66,9.19,broken clouds,TR,2022-02-04 03:26:14
484,Bozeman,45.6796,-111.0386,29.62,77,100,0.0,overcast clouds,US,2022-02-04 03:25:25
485,Arinos,-15.9169,-46.1056,70.03,94,53,0.74,broken clouds,BR,2022-02-04 03:26:14
486,Buala,-8.145,159.5921,77.31,89,100,5.61,light rain,SB,2022-02-04 03:26:15
487,Ornes,66.8689,13.7078,23.85,78,100,22.66,light snow,NO,2022-02-04 03:22:14
488,Kununurra,-15.7667,128.7333,87.78,70,40,11.5,scattered clouds,AU,2022-02-04 03:26:15
489,Fare,-16.7,-151.0167,81.18,71,1,14.25,clear sky,PF,2022-02-04 03:26:15
490,Dumas,35.8656,-101.9732,8.02,85,0,5.75,clear sky,US,2022-02-04 03:24:47
491,Pangody,65.85,74.4859,7.86,96,96,6.46,overcast clouds,RU,2022-02-04 03:26:16
492,Saint-Pierre,-21.3393,55.4781,80.24,84,100,19.39,light rain,RE,2022-02-04 03:25:02
493,Adre,13.4667,22.2,62.85,13,4,19.46,clear sky,TD,2022-02-04 03:26:16
494,Najran,17.4924,44.1277,52.45,34,5,5.41,clear sky,SA,2022-02-04 03:26:17
495,Mehamn,71.0357,27.8492,18.57,83,84,12.57,broken clouds,NO,2022-02-04 03:26:17
496,Bandarbeyla,9.4942,50.8122,72.19,71,5,12.21,clear sky,SO,2022-02-04 03:26:18
497,Kaitong,44.8135,123.15,6.4,69,18,7.61,few clouds,CN,2022-02-04 03:27:18
498,Namibe,-15.1961,12.1522,70.68,78,3,5.75,clear sky,AO,2022-02-04 03:27:18
499,Jati,24.3539,68.2671,64.76,64,0,8.63,clear sky,PK,2022-02-04 03:27:19
500,Salina,38.8403,-97.6114,16.84,61,0,5.75,clear sky,US,2022-02-04 03:23:45
501,Yozgat,39.5833,35.3333,30.0,94,100,2.35,overcast clouds,TR,2022-02-04 03:27:19
502,Sargatskoye,55.6101,73.4972,18.0,80,100,14.67,overcast clouds,RU,2022-02-04 03:27:20
503,Mbandaka,0.0487,18.2603,70.39,77,98,4.41,overcast clouds,CD,2022-02-04 03:27:20
504,Vanimo,-2.6741,141.3028,85.17,65,51,4.47,broken clouds,PG,2022-02-04 03:27:20
505,Tinogboc,12.0074,121.4122,79.32,83,98,26.6,overcast clouds,PH,2022-02-04 03:27:21
506,Arman,59.7,150.1667,11.66,71,96,11.05,overcast clouds,RU,2022-02-04 03:27:21
507,Goedereede,51.8175,3.9806,47.97,82,100,3.0,overcast clouds,NL,2022-02-04 03:27:21
508,Pochutla,15.7432,-96.4661,75.81,74,0,3.56,clear sky,MX,2022-02-04 03:27:22
509,Iqaluit,63.7506,-68.5145,-7.87,59,75,6.91,light snow,CA,2022-02-04 03:27:22
510,Eureka,40.8021,-124.1637,46.26,84,2,5.53,clear sky,US,2022-02-04 03:26:35
511,Oulainen,64.2667,24.8,-1.19,97,91,6.44,overcast clouds,FI,2022-02-04 03:27:23
512,Zaysan,47.4667,84.8667,-3.42,89,73,1.54,broken clouds,KZ,2022-02-04 03:27:23
513,Adrar,20.5022,-10.0711,60.08,21,0,9.93,clear sky,MR,2022-02-04 03:27:24
514,Dongzhen,22.3797,110.9389,54.84,69,98,6.15,overcast clouds,CN,2022-02-04 03:27:24
515,Jambi,-1.6,103.6167,83.28,74,55,3.96,broken clouds,ID,2022-02-04 03:26:35
516,Mocuba,-16.8392,36.9856,70.05,96,70,2.48,broken clouds,MZ,2022-02-04 03:27:25
517,Bara,10.3744,10.7288,62.22,21,49,8.14,scattered clouds,NG,2022-02-04 03:27:26
518,Rundu,-17.9333,19.7667,65.17,91,73,5.08,broken clouds,NA,2022-02-04 03:27:26
519,Rocha,-34.4833,-54.3333,69.96,98,100,3.71,light rain,UY,2022-02-04 03:23:26
520,Salalah,17.0151,54.0924,66.29,77,0,3.44,clear sky,OM,2022-02-04 03:27:27
521,Antalaha,-14.9003,50.2788,75.7,85,100,5.7,light rain,MG,2022-02-04 03:27:27
522,Binzhou,37.3667,118.0167,31.82,28,20,11.21,few clouds,CN,2022-02-04 03:27:27
523,Filadelfia,39.9523,-75.1638,54.27,92,100,4.0,overcast clouds,US,2022-02-04 03:23:46
524,Udomlya,57.8794,34.9925,-1.95,100,100,2.98,overcast clouds,RU,2022-02-04 03:27:28
525,Gondar,12.6,37.4667,60.21,44,90,3.98,overcast clouds,ET,2022-02-04 03:27:28
526,Cacapava Do Sul,-30.5122,-53.4914,67.51,89,100,5.23,moderate rain,BR,2022-02-04 03:27:29
527,Waipawa,-41.4122,175.5153,74.03,42,95,6.67,overcast clouds,NZ,2022-02-04 03:23:08
528,Lorengau,-2.0226,147.2712,84.7,63,100,9.17,overcast clouds,PG,2022-02-04 03:27:29
529,Markova,48.6758,24.4138,22.5,87,100,7.2,overcast clouds,UA,2022-02-04 03:24:08
530,La Poza,20.1167,-96.9667,65.32,97,100,7.45,overcast clouds,MX,2022-02-04 03:27:30
531,Matagami,49.7502,-77.6328,-27.29,75,0,0.0,clear sky,CA,2022-02-04 03:27:30
532,Cassilandia,-19.1133,-51.7342,73.18,89,100,2.24,overcast clouds,BR,2022-02-04 03:27:30
533,Littleton,39.6133,-105.0166,18.0,77,0,1.99,clear sky,US,2022-02-04 03:27:31
534,Calabozo,8.9242,-67.4293,83.93,47,29,4.74,scattered clouds,VE,2022-02-04 03:27:31
535,Walvis Bay,-22.9575,14.5053,66.09,80,4,9.28,clear sky,NA,2022-02-04 03:27:31
536,Svetlogorsk,52.6333,29.7333,4.51,99,78,4.34,broken clouds,BY,2022-02-04 03:27:32
537,Chicama,-7.8447,-79.1469,72.01,74,60,6.58,broken clouds,PE,2022-02-04 03:27:32
538,Ambato,-1.2491,-78.6168,58.08,62,87,5.99,overcast clouds,EC,2022-02-04 03:27:33
539,Poso,-1.3959,120.7524,85.3,61,99,3.96,overcast clouds,ID,2022-02-04 03:27:33
540,Nokaneng,-19.6667,22.2667,66.29,93,12,3.69,light rain,BW,2022-02-04 03:28:33
541,Belaya Gora,68.5333,146.4167,-32.28,99,41,1.54,scattered clouds,RU,2022-02-04 03:28:34
542,Tezu,27.9167,96.1667,66.94,37,66,1.36,broken clouds,IN,2022-02-04 03:28:34
543,Palauig,15.435,119.9045,83.35,63,62,4.18,broken clouds,PH,2022-02-04 03:28:35
544,Cap-Aux-Meules,47.3821,-61.8597,24.85,86,100,20.71,overcast clouds,CA,2022-02-04 03:28:35
545,Kandri,21.4167,79.2667,63.97,38,6,6.4,clear sky,IN,2022-02-04 03:28:35
546,Jiuquan,39.7432,98.5174,18.09,34,68,3.51,broken clouds,CN,2022-02-04 03:28:36
547,Bahia Blanca,-38.7196,-62.2724,72.36,56,16,9.22,few clouds,AR,2022-02-04 03:26:54
548,Chahuites,16.2833,-94.1833,75.27,80,4,1.92,clear sky,MX,2022-02-04 03:28:36
549,Francisco Beltrao,-26.0811,-53.055,69.6,99,100,2.82,moderate rain,BR,2022-02-04 03:28:37
550,Saveh,35.0213,50.3566,42.33,57,0,2.1,clear sky,IR,2022-02-04 03:28:37
551,Biak,-0.9131,122.8766,84.31,61,100,1.52,overcast clouds,ID,2022-02-04 03:28:37
552,Amahai,-3.3333,128.9167,87.33,57,100,1.48,overcast clouds,ID,2022-02-04 03:25:50
553,Gencsapati,47.285,16.5958,40.01,78,83,5.93,broken clouds,HU,2022-02-04 03:28:38
554,Lichuan,30.3,108.85,38.61,67,18,1.59,few clouds,CN,2022-02-04 03:28:38
555,Terney,45.0503,136.6092,13.24,55,4,10.38,clear sky,RU,2022-02-04 03:27:43
556,Abha,18.2164,42.5053,51.62,87,20,0.0,few clouds,SA,2022-02-04 03:27:48
557,Cap Malheureux,-19.9842,57.6142,81.46,84,100,13.0,overcast clouds,MU,2022-02-04 03:28:39
558,Laela,-8.5667,32.05,60.66,98,100,2.39,moderate rain,TZ,2022-02-04 03:28:39
559,Yalutorovsk,56.6536,66.3006,24.96,94,100,14.07,light snow,RU,2022-02-04 03:28:39
560,Dibulla,11.2725,-73.3091,76.96,82,32,7.49,scattered clouds,CO,2022-02-04 03:28:40
561,Kieta,-6.2167,155.6333,80.06,82,100,6.89,overcast clouds,PG,2022-02-04 03:25:33
562,Bilibino,68.0546,166.4372,-4.25,69,0,3.67,clear sky,RU,2022-02-04 03:28:40
563,Mezhdurechensk,53.6942,88.0603,4.23,95,58,2.44,broken clouds,RU,2022-02-04 03:28:41
564,Chuy,-33.6971,-53.4616,72.16,94,100,7.54,overcast clouds,UY,2022-02-04 03:24:13
565,Norman,35.2226,-97.4395,17.24,86,100,20.71,overcast clouds,US,2022-02-04 03:25:55
566,Hamada,34.8833,132.0833,41.72,54,84,17.69,broken clouds,JP,2022-02-04 03:25:51
567,Haines Junction,60.7522,-137.5108,-2.25,78,100,1.14,overcast clouds,CA,2022-02-04 03:28:41
568,Santiago De Cao,-7.9589,-79.2392,69.94,84,44,11.52,scattered clouds,PE,2022-02-04 03:28:42
569,San Nicolas,18.1725,120.5953,84.11,70,20,13.8,few clouds,PH,2022-02-04 03:28:42
570,Parintins,-2.6283,-56.7358,75.15,81,90,1.92,overcast clouds,BR,2022-02-04 03:26:35
571,Farafangana,-22.8167,47.8333,76.66,89,99,11.97,light rain,MG,2022-02-04 03:28:42
572,Maarianhamina,60.0973,19.9348,33.66,86,100,18.41,overcast clouds,AX,2022-02-04 03:28:43
573,Colwyn Bay,53.2948,-3.7267,41.76,94,100,5.99,moderate rain,GB,2022-02-04 03:28:43
574,Linkoping,58.4109,15.6216,36.01,97,100,8.05,drizzle,SE,2022-02-04 03:28:44
575,Khash,28.2211,61.2158,44.35,26,0,1.72,clear sky,IR,2022-02-04 03:28:44
576,Mananara,-16.1667,49.7667,75.74,84,100,6.51,overcast clouds,MG,2022-02-04 03:28:44
577,Salym,60.0625,71.4789,23.02,93,100,9.51,overcast clouds,RU,2022-02-04 03:28:45
578,Joshimath,30.5667,79.5667,38.32,97,100,2.39,overcast clouds,IN,2022-02-04 03:28:45
579,Sept-Iles,50.2001,-66.3821,4.05,59,75,3.0,broken clouds,CA,2022-02-04 03:28:45
580,Tonekabon,36.8163,50.8738,49.95,57,2,4.25,clear sky,IR,2022-02-04 03:28:46
581,Fruitville,27.3298,-82.4576,69.78,68,0,6.91,clear sky,US,2022-02-04 03:28:46
582,Nchelenge,-9.3451,28.734,68.4,91,100,6.24,moderate rain,ZM,2022-02-04 03:28:46
583,Cravo Norte,6.3017,-70.2041,82.51,55,52,4.85,broken clouds,CO,2022-02-04 03:28:47
584,Broome,42.2506,-75.833,33.76,84,100,3.0,freezing rain,US,2022-02-04 03:29:47
585,Thinadhoo,0.5333,72.9333,81.95,70,75,8.46,broken clouds,MV,2022-02-04 03:29:48
586,Kampot,10.6167,104.1833,84.25,64,58,4.99,broken clouds,KH,2022-02-04 03:29:48
587,Vershino-Darasunskiy,52.35,115.5167,-2.63,71,3,4.43,clear sky,RU,2022-02-04 03:29:48
588,Tura,25.5198,90.2201,59.43,80,100,1.74,light rain,IN,2022-02-04 03:29:49
589,Half Moon Bay,37.4636,-122.4286,56.98,76,20,6.91,mist,US,2022-02-04 03:29:49
590,Sibolga,1.7427,98.7792,82.33,70,61,2.68,broken clouds,ID,2022-02-04 03:27:38
591,Kollam,8.8833,76.6,82.27,81,35,7.92,scattered clouds,IN,2022-02-04 03:29:49
592,Kaeo,-35.1,173.7833,77.32,83,97,9.71,overcast clouds,NZ,2022-02-04 03:29:50
593,Oriximina,-1.7656,-55.8661,75.67,90,99,5.82,overcast clouds,BR,2022-02-04 03:29:50
594,Newark,40.7357,-74.1724,51.13,96,100,3.44,light rain,US,2022-02-04 03:29:50
595,Ulaangom,49.9811,92.0667,-17.52,87,18,0.78,few clouds,MN,2022-02-04 03:29:51
596,Port Moresby,-9.4431,147.1797,92.62,55,20,11.5,few clouds,PG,2022-02-04 03:29:51
597,Inirida,3.8653,-67.9239,72.82,91,43,2.08,scattered clouds,CO,2022-02-04 03:29:51
598,Yulara,-25.2406,130.9889,80.44,26,84,14.97,broken clouds,AU,2022-02-04 03:26:19
599,Yenangyaung,20.4667,94.8833,72.59,40,0,12.33,clear sky,MM,2022-02-04 03:29:52
600,Atasu,48.6814,71.6433,0.01,82,0,5.55,clear sky,KZ,2022-02-04 03:29:52
601,Bone,51.9669,12.1396,43.38,89,100,7.92,overcast clouds,DE,2022-02-04 03:29:53
602,Pundaguitan,6.3711,126.1689,76.95,88,100,12.39,moderate rain,PH,2022-02-04 03:26:54
603,Wufeng,27.45,104.8333,29.59,94,100,3.65,light snow,CN,2022-02-04 03:29:53
604,Aksha,50.2814,113.2867,1.11,79,11,4.59,few clouds,RU,2022-02-04 03:29:54
605,Kidal,18.4411,1.4078,57.07,17,0,14.54,clear sky,ML,2022-02-04 03:29:54
606,Fort Beaufort,-32.7748,26.6338,61.34,92,100,3.76,light rain,ZA,2022-02-04 03:29:55
607,Meulaboh,4.1363,96.1285,81.93,69,84,2.73,light rain,ID,2022-02-04 03:29:55
608,Calbuco,-41.768,-73.1273,60.01,95,88,5.44,light rain,CL,2022-02-04 03:29:55
609,Bulawayo,-20.15,28.5833,64.04,86,98,2.86,overcast clouds,ZW,2022-02-04 03:29:55
610,Porto Santo,33.072,-16.3415,66.31,94,20,9.22,few clouds,PT,2022-02-04 03:29:56
611,Orlik,52.5178,99.825,-9.87,92,67,1.95,broken clouds,RU,2022-02-04 03:29:56
612,Wuchang,44.9143,127.15,3.74,87,99,6.64,overcast clouds,CN,2022-02-04 03:29:56
613,Bay Roberts,47.5999,-53.2648,38.52,89,100,8.01,overcast clouds,CA,2022-02-04 03:29:57
614,Wasilla,61.5814,-149.4394,28.27,68,100,17.27,light snow,US,2022-02-04 03:29:57
615,Magadan,59.5667,150.8,10.51,74,85,10.16,overcast clouds,RU,2022-02-04 03:29:57
616,North Platte,41.1239,-100.7654,13.98,62,0,5.75,clear sky,US,2022-02-04 03:25:03
617,Nuevo Progreso,23.1667,-97.95,61.59,63,33,8.99,scattered clouds,MX,2022-02-04 03:25:26
618,Baijiantan,45.6333,85.1833,3.76,89,78,3.4,broken clouds,CN,2022-02-04 03:29:58
619,Biloela,-24.4167,150.5,86.29,46,87,13.0,overcast clouds,AU,2022-02-04 03:29:58
620,Paraiso,9.8383,-83.8656,66.88,75,76,3.27,broken clouds,CR,2022-02-04 03:29:59
621,Herouville-Saint-Clair,49.2109,-0.3065,47.57,81,100,9.22,overcast clouds,FR,2022-02-04 03:29:59
622,Mwense,-10.3845,28.698,65.44,98,100,1.01,light rain,ZM,2022-02-04 03:29:59
623,Okato,-39.2,173.8833,77.92,72,46,14.07,scattered clouds,NZ,2022-02-04 03:30:00
624,Nantucket,41.2835,-70.0995,50.97,94,100,14.97,overcast clouds,US,2022-02-04 03:30:00
625,Mutare,-18.9707,32.6709,64.17,89,58,2.19,broken clouds,ZW,2022-02-04 03:30:01
626,Anton Lizardo,19.05,-95.9833,72.21,85,19,28.72,few clouds,MX,2022-02-04 03:30:02
627,Ust-Kuyga,70.0167,135.6,-34.15,100,100,4.74,overcast clouds,RU,2022-02-04 03:30:03
628,Puerto Carreno,6.189,-67.4859,76.91,75,56,3.94,broken clouds,CO,2022-02-04 03:31:03
629,Jiblah,13.9216,44.1467,56.93,55,2,2.24,clear sky,YE,2022-02-04 03:31:04
630,Sorland,67.667,12.6934,24.46,91,100,29.21,snow,NO,2022-02-04 03:31:04
631,Faanui,-16.4833,-151.75,81.32,71,2,15.26,clear sky,PF,2022-02-04 03:31:05
632,Mitsamiouli,-11.3847,43.2844,82.33,77,100,11.74,overcast clouds,KM,2022-02-04 03:31:05
633,Sao Joao Batista,-27.2761,-48.8494,78.66,96,94,1.34,overcast clouds,BR,2022-02-04 03:28:03
634,Gafanha Da Encarnacao,40.6181,-8.733,50.27,79,100,3.76,overcast clouds,PT,2022-02-04 03:31:05
635,Albion,42.2431,-84.753,15.51,79,0,6.91,clear sky,US,2022-02-04 03:31:06
636,Olavarria,-36.8927,-60.3225,64.18,95,12,5.37,few clouds,AR,2022-02-04 03:31:06
637,Trinidad,-14.8333,-64.9,74.19,92,89,5.3,overcast clouds,BO,2022-02-04 03:31:07
638,Pokrovsk,48.282,37.1758,26.64,95,100,9.91,overcast clouds,UA,2022-02-04 03:31:08
639,Aban,56.67,96.06,10.15,91,100,7.58,overcast clouds,RU,2022-02-04 03:31:08
640,Arua,3.0201,30.9111,68.07,44,100,2.15,overcast clouds,UG,2022-02-04 03:31:08
641,Encarnacion,-27.3333,-55.9,77.52,88,40,9.22,scattered clouds,PY,2022-02-04 03:31:09
642,Pierre,44.3683,-100.351,16.29,52,0,5.75,clear sky,US,2022-02-04 03:31:09
643,York,40.1254,-77.0,54.37,91,100,0.0,mist,US,2022-02-04 03:26:56
644,Villamontes,-21.25,-63.5,78.08,64,83,3.65,moderate rain,BO,2022-02-04 03:31:10
645,Sharya,58.3686,45.5144,-0.56,100,100,2.73,overcast clouds,RU,2022-02-04 03:31:10
646,Nara,34.6851,135.8049,47.44,38,37,10.04,scattered clouds,JP,2022-02-04 03:31:10
647,Kunya,12.2233,8.5325,55.56,38,0,8.05,clear sky,NG,2022-02-04 03:31:11
648,Ouidah,6.3631,2.0851,78.06,84,0,8.48,clear sky,BJ,2022-02-04 03:31:11
649,Clifton,40.8584,-74.1638,49.66,95,100,0.0,light rain,US,2022-02-04 03:29:26
650,Senneterre,48.3835,-77.2328,-16.38,98,42,3.0,scattered clouds,CA,2022-02-04 03:31:12
651,Aripuana,-9.1667,-60.6333,72.05,99,95,0.85,light rain,BR,2022-02-04 03:30:42
652,Neuquen,-38.9516,-68.0591,71.49,56,0,11.5,light rain,AR,2022-02-04 03:31:12
653,Kushalgarh,23.199,74.4507,64.47,33,0,3.36,clear sky,IN,2022-02-04 03:31:13
654,Swift Current,50.2834,-107.8014,-12.19,77,0,14.97,clear sky,CA,2022-02-04 03:31:13
655,Lesnyye Polyany,55.9667,37.8667,19.72,98,98,3.04,light snow,RU,2022-02-04 03:31:13
656,Taoudenni,22.6783,-3.9836,60.64,21,27,8.97,scattered clouds,ML,2022-02-04 03:31:14
657,Galveston,29.3669,-94.9669,35.96,90,100,11.01,overcast clouds,US,2022-02-04 03:31:14
658,Minggang,32.4586,114.0486,46.13,39,96,3.53,overcast clouds,CN,2022-02-04 03:31:15
659,Havre-Saint-Pierre,50.2334,-63.5986,10.99,61,100,13.8,overcast clouds,CA,2022-02-04 03:31:15
660,Texarkana,33.4251,-94.0477,32.23,91,100,3.0,overcast clouds,US,2022-02-04 03:31:16
661,Haizhou,34.5817,119.1289,42.53,38,45,6.96,scattered clouds,CN,2022-02-04 03:31:16
662,Plettenberg Bay,-34.0527,23.3716,63.07,82,100,4.72,light rain,ZA,2022-02-04 03:31:16
663,San Joaquin,37.9333,-121.3011,52.38,54,0,0.0,clear sky,US,2022-02-04 03:31:17
664,Zhangye,38.9342,100.4517,24.46,32,83,1.34,broken clouds,CN,2022-02-04 03:31:17
665,Terralba,39.7192,8.6392,48.02,75,4,5.03,clear sky,IT,2022-02-04 03:31:18
666,Conde,-7.2597,-34.9075,78.26,83,20,5.75,few clouds,BR,2022-02-04 03:31:18
667,Itarema,-2.9248,-39.9167,77.58,87,79,10.07,broken clouds,BR,2022-02-04 03:31:18
668,Berdigestyakh,62.0989,126.6992,-14.37,94,100,6.11,overcast clouds,RU,2022-02-04 03:31:19
669,Rawson,-43.3002,-65.1023,68.09,61,100,8.01,light rain,AR,2022-02-04 03:27:27
670,Oudtshoorn,-33.5907,22.2014,59.36,79,97,6.44,overcast clouds,ZA,2022-02-04 03:31:19
671,Isiro,2.7739,27.616,63.93,54,87,3.2,overcast clouds,CD,2022-02-04 03:31:20
672,Rabo De Peixe,37.8,-25.5833,58.51,88,20,14.97,few clouds,PT,2022-02-04 03:31:20
673,Ullapool,57.8987,-5.1604,38.35,68,97,23.29,overcast clouds,GB,2022-02-04 03:31:21
674,Valparaiso,-33.0393,-71.6273,63.52,88,0,4.61,clear sky,CL,2022-02-04 03:30:15
675,Fort Myers Beach,26.452,-81.9481,71.65,83,0,4.61,clear sky,US,2022-02-04 03:32:21
676,Kandrian,-6.2167,149.55,89.11,58,75,18.28,broken clouds,PG,2022-02-04 03:32:22
677,Yatou,37.15,122.3833,31.84,48,69,13.04,broken clouds,CN,2022-02-04 03:32:22
678,Tarakan,3.3,117.6333,85.5,66,40,9.22,scattered clouds,ID,2022-02-04 03:32:22
679,Aitape,-3.1374,142.3475,85.24,65,44,7.23,scattered clouds,PG,2022-02-04 03:32:23
680,Mitzic,0.7821,11.549,67.28,98,97,2.66,overcast clouds,GA,2022-02-04 03:32:23
681,Rodrigues Alves,-7.738,-72.6509,72.1,96,81,2.62,broken clouds,BR,2022-02-04 03:32:24
682,Beloha,-25.1667,45.05,71.22,92,6,9.62,clear sky,MG,2022-02-04 03:29:05
683,Santo Antonio Da Platina,-23.295,-50.0772,69.42,98,100,3.13,very heavy rain,BR,2022-02-04 03:29:05
684,Yar-Sale,66.8333,70.8333,-2.09,98,98,4.79,overcast clouds,RU,2022-02-04 03:32:24
685,Mana,5.6592,-53.7767,75.56,91,89,8.66,overcast clouds,GF,2022-02-04 03:32:25
686,Pelym,61.0108,61.9978,3.54,99,95,3.29,overcast clouds,RU,2022-02-04 03:32:25
687,Virden,39.5009,-89.7679,16.39,88,95,13.15,overcast clouds,US,2022-02-04 03:31:31
688,Chabahar,25.2919,60.643,69.26,35,0,7.65,clear sky,IR,2022-02-04 03:32:25
689,Pambuhan,13.9736,123.0837,77.54,88,97,11.03,overcast clouds,PH,2022-02-04 03:32:26
690,Kaeng Khoi,14.5862,100.9976,89.98,48,92,4.23,overcast clouds,TH,2022-02-04 03:32:26
691,Tenango,18.65,-98.1833,69.06,42,1,3.33,clear sky,MX,2022-02-04 03:32:27
692,Camacha,33.0833,-16.3333,60.22,94,20,9.22,few clouds,PT,2022-02-04 03:32:27
